Aaron Ekblad,D,9,Veteran,R,75,216,29,75,77,85,93,84,80,86,73,79,78,68,65,76,8500000,1,CAN,
Aatu Raty,C,16,Veteran,L,74,181,23,59,78,71,69,68,68,80,76,83,67,71,57,47,800000,1,FIN,
Adam Boqvist,D,4,Veteran,R,73,168,25,63,90,70,96,75,81,88,77,79,69,71,59,44,4250000,0,SWE,
Adam Fantilli,RW,3,Veteran,R,74,194,21,75,80,77,77,77,75,79,76,78,65,79,46,42,975000,1,CAN,
Adam Fox,D,93,Veteran,R,70,185,27,64,84,70,86,83,81,85,83,79,79,69,60,62,7250000,1,USA,
Adam Ginning,D,20,Veteran,L,76,202,25,71,68,85,83,81,77,71,58,61,75,58,64,39,1000000,0,SWE,
Adam Henrique,C,26,Veteran,L,72,194,35,68,74,70,76,75,77,75,74,73,65,73,89,72,1900000,0,CAN,
Adam Larsson,D,9,Veteran,R,75,209,33,85,74,87,90,81,79,80,72,74,84,61,93,78,7777000,2,SWE,
Adam Lowry,C,26,Veteran,L,77,209,32,86,71,87,77,84,70,70,74,70,74,74,75,76,1900000,0,CAN,
Adam Parsells,D,26,Veteran,R,78,193,28,94,68,98,74,77,50,71,56,61,90,40,67,62,3500000,0,USA,
Adam Pelech,D,6,Veteran,L,75,205,31,74,76,80,81,76,77,75,69,69,78,60,79,66,2850000,0,CAN,
Adin Hill,G,33,Veteran,L,76,215,29,82,84,87,84,83,83,87,68,83,0,0,67,63,2500000,2,CAN,
Adrian Kempe,LW,23,Veteran,L,74,201,29,81,80,83,80,84,79,79,72,76,61,82,80,68,6000000,2,SWE,
Akil Thomas,RW,28,Veteran,R,72,171,25,62,83,71,87,77,85,84,75,68,68,76,60,58,4250000,0,CAN,
Albert Johansson,D,66,Veteran,L,72,165,24,65,76,66,74,73,81,74,76,74,67,69,55,41,1000000,1,SWE,
Alec Regula,D,25,Veteran,R,75,201,25,78,72,85,76,85,70,71,65,59,74,58,61,41,1000000,0,USA,
Aleksander Barkov,C,21,Veteran,L,75,213,30,68,77,79,86,78,84,81,85,80,74,80,84,94,9750000,1,FIN,
Aleksi Heimosalmi,D,35,Rookie,R,71,170,22,67,77,68,73,69,74,77,73,70,64,69,47,38,80000,1,FIN,
Aleksi Heponiemi,LW,22,Veteran,L,70,147,26,62,86,58,68,74,80,79,72,79,59,76,62,46,1125000,1,FIN,
Ales Stezka,G,34,Veteran,L,75,179,28,76,90,86,84,89,89,93,73,86,0,0,77,71,3500000,0,CZE,
Alex DeBrincat,RW,55,Veteran,R,67,163,28,66,89,56,87,84,88,91,86,82,57,90,79,65,2500000,0,USA,
Alex Killorn,LW,52,Veteran,L,73,194,36,68,74,74,78,78,76,72,72,70,63,74,93,83,2810000,0,CAN,
Alex Laferriere,RW,62,Veteran,R,72,173,24,58,78,72,80,84,77,79,81,82,62,73,58,54,1500000,0,USA,
Alex Lyon,G,49,Veteran,L,73,201,33,81,84,82,82,80,83,83,74,82,0,0,70,61,700000,0,USA,
Alex Nedeljkovic,G,37,Veteran,L,72,183,29,83,91,81,99,94,93,92,71,83,0,0,86,60,6000000,0,USA,
Alex Newhook,C,30,Veteran,L,70,195,24,64,80,67,80,80,76,82,83,77,60,77,53,42,3000000,1,CAN,
Alex Pietrangelo,D,7,Veteran,R,75,213,35,67,73,79,87,78,89,81,76,71,80,64,99,99,6750000,0,CAN,
Alex Tuch,RW,89,Veteran,R,76,220,29,93,70,96,85,99,93,70,68,63,66,83,68,76,6000000,2,USA,
Alex Turcotte,C,16,Veteran,L,71,185,24,73,81,72,83,77,76,83,82,85,65,80,54,56,8000000,1,USA,
Alex Vlasic,D,68,Veteran,L,78,198,24,72,72,90,78,82,77,72,63,63,79,54,56,45,2250000,1,USA,
Alexandar Georgiev,G,1,Veteran,L,73,179,29,83,87,81,85,87,85,88,73,80,0,0,83,74,3000000,1,RUS,
Alexander Alexeyev,D,3,Veteran,L,76,200,26,72,71,85,85,72,79,72,64,62,76,64,62,49,1750000,1,RUS,
Alexander Holtz,RW,9,Veteran,R,72,192,23,62,80,78,78,83,81,75,72,76,61,78,47,37,2250000,1,SWE,
Alexander Kerfoot,C,28,Veteran,L,70,185,31,67,80,65,81,87,79,78,79,75,72,74,79,69,1125000,0,CAN,
Alexander Nylander,RW,24,Veteran,R,72,179,27,65,86,79,87,81,85,89,70,75,61,84,67,58,4750000,1,CAN,
Alexander Ovechkin,LW,8,Veteran,R,75,239,40,82,63,84,82,85,70,63,65,64,58,90,99,99,4000000,1,RUS,
Alexander Romanov,D,89,Veteran,L,71,185,25,66,79,80,82,77,72,81,70,71,73,65,55,42,1000000,0,RUS,
Alexander Urbom,D,7,Veteran,L,76,215,34,95,76,97,78,79,83,70,43,51,86,46,95,84,2750000,1,SWE,
Alexander Wennberg,C,21,Veteran,L,73,196,31,62,77,68,81,79,77,77,77,71,66,74,82,71,800000,0,SWE,
Alexis Lafreniere,LW,11,Veteran,L,73,193,24,66,89,74,92,89,87,86,79,82,59,80,49,46,5500000,0,CAN,
Alfons Malmstrom,D,36,Veteran,L,74,190,27,85,76,84,81,67,64,79,56,63,84,51,77,64,3500000,1,SWE,
Allan McShane,C,91,Veteran,L,71,185,25,64,70,78,72,76,83,75,78,72,63,69,68,38,750000,0,CAN,
Amir Miftakhov,G,41,Veteran,L,72,175,25,74,82,81,84,84,79,85,70,78,0,0,62,57,700000,0,RUS,
Anatoli Golyshev,RW,77,Veteran,L,68,179,30,54,89,51,91,78,92,84,74,78,72,86,68,70,5500000,2,RUS,
Anders Lee,LW,27,Veteran,L,75,236,35,80,72,81,75,83,69,73,70,73,67,75,81,84,4253000,0,USA,
Andre Burakovsky,LW,65,Veteran,L,75,205,30,66,92,63,93,94,98,87,74,74,66,87,68,67,7250000,1,AUT,
Andreas Athanasiou,LW,28,Veteran,L,74,188,31,56,89,75,85,82,82,82,73,68,64,77,74,71,3750000,0,CAN,
Andrei Kuzmenko,RW,96,Veteran,R,71,194,29,61,80,75,84,83,83,87,80,80,61,81,56,56,6000000,2,RUS,
Andrei Svechnikov,LW,37,Veteran,L,74,188,25,61,90,81,89,80,87,90,75,75,56,83,53,43,6000000,2,RUS,
Andrew Cogliano,RW,50,Veteran,L,70,179,38,71,80,68,68,76,74,79,67,67,67,67,95,80,865000,0,CAN,
Andrew Copp,LW,19,Veteran,L,73,206,31,70,80,75,80,78,79,77,75,69,71,73,76,79,2915000,0,USA,
Andrew Mangiapane,LW,88,Veteran,L,70,184,29,75,79,64,80,83,77,80,75,76,58,77,76,70,4750000,2,CAN,
Andrew Peeke,D,18,Veteran,R,75,205,27,81,69,88,87,83,72,79,64,66,79,61,61,55,3500000,1,USA,
Andrey Vasilevskiy,G,38,Veteran,L,75,225,31,83,92,88,96,95,86,95,75,91,0,0,84,80,9750000,0,RUS,
Anthony Beauvillier,LW,92,Veteran,L,71,180,28,65,86,63,82,76,79,81,79,73,69,79,75,72,2500000,0,CAN,
Anthony Cirelli,C,6,Veteran,L,72,165,28,70,76,73,81,77,89,81,74,70,64,78,83,59,4750000,0,CAN,
Anthony Duclair,LW,26,Veteran,R,71,191,30,67,96,66,89,84,86,90,69,64,51,84,72,64,2500000,1,CAN,
Anthony Mantha,RW,39,Veteran,L,77,225,31,59,79,72,88,92,87,92,70,77,49,98,81,60,4750000,0,CAN,
Anton Forsberg,G,31,Veteran,L,74,176,33,82,85,83,83,82,80,79,73,81,0,0,78,67,800000,0,SWE,
Anton Lundell,LW,18,Veteran,L,73,185,24,66,77,79,86,88,87,75,81,75,70,79,57,53,3000000,0,FIN,
Antti Tuomisto,D,33,Veteran,R,76,194,24,74,69,88,80,77,76,74,62,67,78,52,60,42,1500000,0,CAN,
Anze Kopitar,LW,17,Veteran,L,76,224,38,65,72,76,83,85,84,73,80,77,76,78,99,99,6750000,0,SLO,
Arseni Gritsyuk,LW,24,Veteran,L,71,170,24,72,85,57,83,77,78,80,78,78,62,74,56,46,1500000,1,RUS,
Artem Zub,D,6,Veteran,R,74,203,30,83,70,87,83,80,75,68,66,63,80,61,76,75,3935000,1,RUS,
Artemi Panarin,LW,72,Veteran,R,72,175,34,62,82,64,81,82,83,85,86,85,60,80,98,76,10500000,0,RUS,
Arthur Kaliyev,RW,42,Veteran,L,74,190,24,56,79,83,76,80,78,82,74,65,59,86,56,43,2250000,1,USA,
Artturi Lehkonen,RW,50,Veteran,L,71,179,30,65,84,62,82,70,78,81,77,77,75,81,79,71,3855000,3,FIN,
Artur Kayumov,LW,1,Veteran,L,71,180,27,55,87,64,91,92,92,87,69,75,60,81,61,54,2500000,1,RUS,
Arturs Silovs,G,32,Rookie,L,76,203,24,76,83,89,84,81,78,80,64,78,0,0,63,54,700000,1,LAT,
Austin Watson,LW,43,Veteran,R,76,204,33,74,80,69,90,80,87,76,79,66,72,79,99,85,4750000,0,USA,
Auston Matthews,RW,76,Veteran,L,73,216,28,68,79,82,81,76,84,82,77,80,67,86,79,62,9750000,2,USA,
Ayrton Martino,LW,15,Rookie,L,71,160,23,59,78,60,76,66,78,76,78,77,58,75,56,42,80000,1,CAN,
Barclay Goodrow,RW,25,Veteran,L,74,205,32,82,75,82,75,83,64,74,68,66,71,68,77,78,1200000,0,CAN,
Barrett Hayton,C,22,Veteran,L,73,190,25,71,86,81,87,81,77,82,80,79,64,78,62,43,5500000,0,CAN,
Ben Chiarot,D,44,Veteran,L,75,215,34,87,78,91,77,77,84,67,55,57,89,45,99,85,5750000,1,CAN,
Ben Thomas,D,58,Veteran,R,74,193,29,89,77,86,89,88,66,76,66,69,85,55,80,66,7250000,1,CAN,
Benjamin King,C,14,Veteran,R,75,201,23,60,71,77,76,76,72,73,73,71,61,78,52,45,750000,0,CAN,
Benjamin Roger,D,74,Veteran,R,76,201,23,71,76,82,78,82,77,80,65,64,72,58,50,36,800000,1,CAN,
Blake Coleman,LW,19,Veteran,L,71,207,33,74,75,73,79,79,67,73,69,72,66,74,82,77,1125000,0,USA,
Blake Lizotte,C,46,Veteran,L,69,170,28,75,79,70,74,75,79,79,72,70,68,70,53,52,750000,0,USA,
Bo Horvat,C,53,Veteran,L,72,215,30,89,70,97,89,99,75,76,66,64,69,84,82,94,7250000,1,CAN,
Bobby Brink,RW,43,Veteran,R,68,173,24,74,78,64,78,73,81,85,73,75,67,87,53,47,3000000,1,USA,
Bode Wilde,D,2,Veteran,R,74,195,25,57,83,78,82,88,81,87,81,78,60,73,58,53,4250000,0,USA,
Boone Jenner,C,38,Veteran,L,74,207,32,75,73,80,82,69,76,72,74,69,72,75,76,83,3760000,1,CAN,
Bowen Byram,D,15,Veteran,L,72,195,24,71,83,76,89,80,76,87,75,74,74,71,52,45,4250000,1,CAN,
Brad Marchand,C,63,Veteran,L,69,181,37,76,78,58,83,72,56,75,77,73,64,76,99,93,2500000,0,CAN,
Braden Schneider,D,18,Veteran,R,74,202,24,81,73,85,92,89,80,76,66,71,79,58,52,53,2250000,0,CAN,
Brady Skjei,D,5,Veteran,L,74,210,31,71,79,79,81,83,74,79,72,71,77,66,80,65,6750000,0,USA,
Brady Tkachuk,RW,6,Veteran,L,75,196,26,85,79,91,89,93,74,77,77,74,63,89,57,63,9750000,1,USA,
Brandon Carlo,D,25,Veteran,R,77,212,29,83,69,94,91,78,73,78,61,71,82,51,75,55,6000000,1,USA,
Brandon Hagel,RW,46,Veteran,L,74,183,27,82,76,73,78,84,72,77,76,76,67,78,69,57,4750000,0,CAN,
Brandon Montour,D,28,Veteran,R,72,170,31,61,77,65,89,78,76,82,79,75,56,76,76,75,3500000,0,CAN,
Brandon Saad,LW,50,Veteran,L,73,205,33,60,77,76,76,80,84,75,70,75,60,75,90,75,1125000,0,USA,
Brandt Clarke,D,55,Veteran,R,74,190,22,65,74,74,75,74,68,76,81,76,67,71,47,43,1500000,1,CAN,
Brayden McNabb,D,5,Veteran,L,76,214,34,81,69,85,80,82,75,69,72,67,82,58,89,85,5000000,1,CAN,
Brayden Point,C,30,Veteran,R,69,160,29,70,85,61,89,89,89,85,83,80,65,83,68,64,7250000,1,CAN,
Brayden Schenn,C,25,Veteran,L,73,201,34,70,73,71,75,74,72,74,70,70,67,73,95,83,1150000,0,CAN,
Brayden Tracey,C,47,Veteran,L,72,175,24,70,75,73,77,80,83,80,72,75,55,77,64,41,1500000,1,CAN,
Brendan Brisson,C,26,Veteran,L,71,180,24,74,83,69,88,75,87,82,84,82,58,70,55,52,800000,0,USA,
Brendan Gallagher,RW,11,Veteran,R,68,163,33,91,75,72,81,99,77,73,71,71,68,80,83,99,5750000,0,CAN,
Brendan Lemieux,C,48,Veteran,L,73,213,29,82,73,80,73,74,63,73,68,67,62,69,59,57,700000,0,USA,
Brendan Smith,D,7,Veteran,L,74,200,36,76,70,79,76,71,66,69,67,65,74,58,81,74,850000,0,CAN,
Brenden Dillon,D,6,Veteran,L,76,225,34,83,64,83,79,79,65,64,66,65,77,55,88,71,1125000,0,CAN,
Brennan Othmann,LW,78,Veteran,L,72,174,22,73,77,77,74,74,66,76,73,73,65,75,44,39,900000,1,CAN,
Brett Berard,RW,40,Veteran,L,69,155,23,74,86,60,73,65,72,83,83,81,62,73,54,47,800000,0,USA,
Brett Howden,LW,21,Veteran,L,75,200,27,73,75,78,75,75,76,73,73,68,73,72,59,49,1500000,0,CAN,
Brett Kulak,D,6,Veteran,L,73,196,31,76,74,78,76,81,73,73,69,69,75,55,76,72,800000,0,CAN,
Brett Leason,RW,22,Veteran,R,77,218,26,80,71,86,77,82,82,70,71,68,71,75,57,57,800000,0,CAN,
Brett Pesce,D,23,Veteran,R,75,200,31,60,75,84,86,82,85,75,69,69,80,56,72,65,4750000,0,USA,
Brian Dumoulin,D,8,Veteran,L,76,207,34,73,73,80,80,78,80,72,72,66,77,57,81,66,1900000,0,USA,
Brock Boeser,LW,14,Veteran,R,73,208,28,80,85,86,89,90,74,79,71,73,49,84,84,67,7250000,0,USA,
Brock Nelson,RW,27,Veteran,L,76,212,34,72,73,81,80,83,77,72,74,74,64,79,88,84,2825000,0,USA,
Bryan Rust,RW,17,Veteran,R,71,192,33,63,82,66,81,72,80,77,75,69,70,73,96,73,3750000,2,USA,
Cade Webber,D,27,Rookie,L,78,194,24,80,63,90,74,71,69,65,58,60,79,58,57,56,80000,0,USA,
Cal Foote,D,65,Veteran,R,76,215,27,78,75,94,84,77,77,70,64,69,80,55,59,51,4750000,0,CAN,
Cal Petersen,G,3,Veteran,R,74,185,31,81,82,84,80,80,82,80,71,82,0,0,67,64,750000,0,USA,
Cale Makar,D,29,Veteran,R,71,180,27,69,86,68,95,84,86,87,83,80,72,79,73,69,11000000,0,CAN,
Caleb Jones,D,82,Veteran,L,73,194,28,77,70,83,85,80,75,77,67,70,81,62,75,67,3500000,2,USA,
Calle Clang,G,35,Veteran,L,74,194,23,79,88,81,86,88,75,83,68,79,0,0,60,59,750000,0,SWE,
Calvin de Haan,D,7,Veteran,L,73,194,34,77,76,77,77,67,79,76,66,67,75,56,81,77,1125000,0,CAN,
Calvin Pickard,G,1,Veteran,L,73,205,33,82,85,79,83,89,84,81,75,84,0,0,76,73,800000,0,CAN,
Cam Atkinson,LW,17,Veteran,R,68,183,36,61,80,48,86,80,80,78,73,68,64,77,84,80,1900000,0,USA,
Cam Fowler,D,8,Veteran,L,74,215,34,73,75,81,94,84,85,78,68,74,80,58,99,92,5750000,0,USA,
Cam York,D,42,Veteran,L,71,175,24,64,79,65,82,74,76,78,79,81,69,73,55,48,3000000,1,USA,
Carey Price,G,32,Veteran,L,75,215,38,80,89,85,96,91,79,89,78,87,0,0,99,68,6750000,0,CAN,
Carson Bantle,LW,81,Veteran,L,76,195,23,74,70,84,78,81,68,70,71,70,66,75,55,42,750000,0,USA,
Carson Lambos,D,7,Rookie,L,73,201,22,70,76,74,76,73,73,76,69,67,78,64,48,30,900000,1,CAN,
Carter Hart,G,98,Veteran,L,73,181,27,78,89,81,91,87,85,87,75,88,0,0,71,64,1750000,1,CAN,
Carter Savoie,LW,33,Veteran,L,69,192,23,73,77,67,76,79,71,78,74,71,63,80,49,45,800000,0,CAN,
Carter Verhaeghe,LW,23,Veteran,L,74,180,30,61,85,76,92,91,88,77,78,72,71,78,72,83,6000000,1,CAN,
Case McCarthy,D,2,Rookie,R,73,197,24,82,64,78,77,96,70,65,67,71,75,54,55,45,1000000,1,USA,
Casey Cizikas,C,53,Veteran,L,71,180,34,78,72,77,73,74,77,70,71,67,74,70,80,85,900000,0,CAN,
Casey DeSmith,G,1,Veteran,L,72,181,34,83,83,78,82,84,83,83,73,81,0,0,73,65,800000,0,USA,
Casey Mittelstadt,LW,37,Veteran,L,73,196,26,63,78,70,80,70,78,78,78,77,61,75,73,65,1550000,0,USA,
Cayden Primeau,G,31,Veteran,L,75,198,26,78,84,85,82,79,78,83,70,82,0,0,65,56,850000,1,USA,
Chad Krys,D,13,Veteran,L,72,185,27,79,78,86,85,83,73,80,69,64,81,54,72,64,3500000,1,USA,
Chandler Stephenson,C,20,Veteran,L,72,209,31,69,82,75,83,79,81,79,82,72,66,74,80,70,5750000,0,CAN,
Charlie Coyle,RW,26,Veteran,R,75,223,33,72,72,78,77,85,74,73,72,72,68,74,90,67,1900000,0,USA,
Charlie Lindgren,G,79,Veteran,R,74,179,32,85,85,82,85,82,83,85,76,84,0,0,71,68,1500000,0,USA,
Charlie McAvoy,D,37,Veteran,R,72,207,28,73,76,81,92,74,80,80,73,73,80,60,81,69,4750000,0,USA,
Chaz Lucius,RW,31,Veteran,R,72,172,22,72,76,72,75,69,78,76,73,76,65,79,48,41,900000,1,USA,
Chris Bigras,D,10,Veteran,L,73,189,30,96,79,85,99,92,94,87,78,81,85,53,70,84,11000000,1,CAN,
Chris Driedger,G,5,Veteran,L,76,205,31,79,81,84,82,82,78,81,71,83,0,0,71,58,700000,0,CAN,
Chris Gibson,G,41,Veteran,L,73,191,33,84,91,92,89,81,79,91,66,88,0,0,86,66,6750000,0,FIN,
Chris Kreider,RW,42,Veteran,L,75,217,34,81,81,83,80,86,80,80,70,76,56,86,95,94,9250000,0,USA,
Chris Tanev,D,5,Veteran,R,74,196,36,74,72,78,80,73,80,72,71,64,82,56,83,83,1760000,0,CAN,
Christian Fischer,RW,25,Veteran,R,74,214,28,78,75,80,75,79,70,73,71,70,67,72,79,68,800000,0,USA,
Christian Krygier,D,15,Veteran,L,74,192,25,78,68,81,69,69,73,72,60,63,80,50,58,54,70000,0,USA,
Christian Wolanin,D,12,Veteran,L,74,183,30,84,77,88,81,82,75,67,56,62,78,52,82,71,2500000,0,CAN,
Claude Giroux,C,30,Veteran,R,71,174,37,60,77,67,88,81,85,82,83,83,64,77,99,99,4000000,1,CAN,
Clayton Keller,RW,46,Veteran,L,70,168,27,61,94,66,90,81,88,86,77,81,53,79,70,71,6000000,0,USA,
Cody Ceci,D,6,Veteran,R,72,209,32,76,71,81,82,79,81,70,71,67,78,58,80,65,1900000,0,CAN,
Cody Glass,RW,35,Veteran,R,74,178,26,64,79,70,82,85,79,79,77,74,65,73,66,50,2500000,0,CAN,
Cole Brady,G,3,Veteran,L,77,174,24,73,86,87,87,85,84,89,62,83,0,0,59,55,1500000,1,CAN,
Cole Caufield,LW,30,Veteran,R,68,175,24,69,85,57,87,79,82,87,75,75,59,86,58,53,4250000,1,USA,
Cole Perfetti,C,12,Veteran,L,70,185,23,62,82,70,87,80,81,82,82,83,67,84,49,44,3000000,0,CAN,
Cole Sillinger,C,35,Veteran,L,72,201,22,67,79,73,78,76,74,79,73,78,58,82,52,44,975000,1,CAN,
Collin Delia,G,60,Veteran,L,74,208,31,81,82,82,79,79,81,79,75,80,0,0,63,56,800000,0,USA,
Colton Parayko,D,5,Veteran,R,78,229,32,81,74,86,86,81,80,73,69,72,81,60,77,78,5050000,1,CAN,
Colton Sissons,C,25,Veteran,R,73,201,32,77,69,76,76,83,74,71,71,72,67,71,80,64,1150000,0,CAN,
Colton White,D,25,Veteran,L,73,185,28,68,79,83,78,86,91,86,62,60,82,50,71,55,3500000,0,CAN,
Connor Bedard,C,98,Veteran,R,70,185,20,71,75,69,79,76,77,83,79,81,62,83,41,45,975000,1,CAN,
Connor Brown,LW,50,Veteran,R,72,185,31,63,77,69,71,74,83,77,73,70,67,71,79,63,750000,0,CAN,
Connor Bunnaman,C,92,Veteran,L,73,208,27,92,68,89,77,91,58,75,70,66,81,66,68,70,1750000,1,CAN,
Connor Clifton,D,46,Veteran,R,71,190,30,88,76,78,79,81,68,76,71,69,81,59,73,63,2810000,1,USA,
Connor Hall,D,41,Veteran,L,76,190,27,87,74,93,79,80,79,73,61,62,85,55,67,69,4750000,1,CAN,
Connor Hellebuyck,G,37,Veteran,L,76,207,32,82,89,88,93,90,88,91,74,86,0,0,86,66,6910000,2,USA,
Connor Ingram,G,40,Veteran,L,74,196,28,81,83,84,81,79,80,82,72,83,0,0,66,59,800025,1,CAN,
Connor McDavid,C,98,Veteran,L,73,195,28,68,94,71,89,82,83,93,86,87,60,82,83,82,12500000,2,CAN,
Connor McMichael,LW,28,Veteran,L,72,180,24,66,84,76,81,78,88,81,75,78,58,81,60,54,3000000,1,CAN,
Connor Murphy,D,9,Veteran,R,76,212,32,79,72,80,82,64,91,69,61,69,76,68,98,66,3750000,1,USA,
Connor Zary,C,22,Veteran,L,72,178,24,64,75,76,80,89,77,75,76,76,62,71,54,43,2250000,0,CAN,
Conor Garland,C,19,Veteran,R,70,165,29,67,79,67,74,75,78,82,79,75,56,75,66,50,2500000,1,USA,
Conor Geekie,C,29,Veteran,L,75,195,21,72,73,80,75,82,67,71,76,75,67,74,43,41,975000,0,CAN,
Conor Timmins,D,77,Veteran,R,73,185,27,68,72,77,83,90,81,75,65,67,78,61,68,47,1125000,1,CAN,
Corson Ceulemans,D,8,Veteran,R,74,202,22,69,76,78,76,76,71,77,70,65,75,70,47,33,900000,1,CAN,
Craig Smith,C,16,Veteran,R,72,204,36,63,76,73,72,73,77,75,69,69,63,69,83,77,700000,0,USA,
Curtis Lazar,RW,20,Veteran,R,72,209,30,93,78,88,88,99,80,73,70,67,57,82,77,85,7250000,1,CAN,
Cutter Gauthier,LW,19,Veteran,L,75,190,21,72,76,78,77,83,69,77,71,72,67,77,45,46,975000,0,USA,
Daemon Hunt,D,72,Veteran,L,72,198,23,75,74,81,77,69,75,72,66,65,76,56,54,48,750000,0,CAN,
Dan Vladar,G,80,Veteran,L,77,185,28,79,83,88,83,82,82,84,66,81,0,0,62,57,850000,0,CZE,
Daniil Chayka,D,73,Veteran,L,75,185,23,70,75,79,79,80,76,76,66,66,75,67,50,41,800000,1,RUS,
Daniil Tarasov,G,54,Veteran,L,75,174,26,78,86,87,96,94,84,90,69,85,0,0,66,70,2500000,2,RUS,
Danila Yurov,RW,24,Veteran,L,73,175,22,61,77,70,76,75,71,79,78,78,61,77,47,42,90000,0,RUS,
Dante Fabbro,D,41,Veteran,R,72,190,27,73,85,79,93,87,93,75,78,79,65,76,71,58,6000000,0,CAN,
Danton Heinen,C,84,Veteran,L,72,165,30,74,81,70,87,88,88,69,86,73,67,85,65,67,7250000,1,CAN,
Darcy Kuemper,G,39,Veteran,L,77,215,35,80,84,85,83,80,80,84,72,82,0,0,71,66,1125000,0,CAN,
Darnell Nurse,D,25,Veteran,L,76,220,30,84,77,85,92,83,72,78,75,71,79,69,77,84,7250000,1,CAN,
David Gustafsson,RW,45,Veteran,L,74,196,25,80,75,91,79,85,70,75,70,64,66,71,58,47,1500000,0,SWE,
David Jiricek,D,55,Veteran,R,75,190,22,79,72,84,83,77,69,77,70,72,79,67,49,53,975000,0,CZE,
David Pastrnak,LW,52,Veteran,R,72,170,29,69,87,71,91,90,84,90,76,79,58,83,67,78,9750000,2,CZE,
David Perron,LW,51,Veteran,R,73,203,37,69,73,70,75,71,72,73,76,73,61,76,97,84,1750000,0,CAN,
David Reinbacher,D,6,Veteran,R,74,185,21,76,73,79,81,76,73,76,69,71,77,67,46,42,975000,1,AUS,
David Rittich,G,1,Veteran,L,75,205,33,81,84,83,80,81,83,83,70,83,0,0,76,65,800000,0,CZE,
David Savard,D,58,Veteran,R,73,234,35,80,68,80,86,76,76,76,68,72,81,56,91,87,3861000,0,CAN,
Dawson Mercer,C,91,Veteran,R,72,180,24,80,76,82,85,88,83,74,76,70,70,81,53,53,3000000,0,CAN,
Denis Guryanov,LW,28,Veteran,L,75,201,28,57,89,79,86,84,82,91,77,87,46,85,62,65,4750000,0,RUS,
Dennis Cholowski,D,4,Veteran,L,72,185,27,77,74,81,77,78,89,77,64,63,75,67,66,59,3500000,0,CAN,
Derrick Pouliot,D,5,Veteran,L,72,208,31,59,79,59,84,78,83,86,85,74,69,79,87,75,4750000,0,CAN,
Devon Levi,G,18,Veteran,L,72,185,24,82,85,82,89,81,81,88,73,83,0,0,62,55,750000,0,CAN,
Devon Toews,D,27,Veteran,L,73,191,31,61,79,76,86,76,81,79,73,73,75,67,67,62,8500000,0,CAN,
Dillon Hamaliuk,RW,41,Veteran,L,75,201,25,77,65,91,82,78,80,71,65,69,63,79,58,50,2500000,1,CAN,
Dillon Heatherington,D,2,Veteran,L,76,196,30,91,71,80,89,99,99,77,53,71,83,46,82,70,6000000,1,CAN,
Dmitri Orlov,D,5,Veteran,L,71,214,34,74,77,75,78,73,76,77,73,68,71,60,86,70,1900000,0,RUS,
Dmitri Semykin,D,10,Veteran,R,75,201,25,78,67,88,77,72,72,73,61,59,82,54,63,55,1500000,0,RUS,
Dmitry Kulikov,D,5,Veteran,L,73,198,35,73,78,77,75,76,72,75,72,68,77,57,93,75,2000000,0,RUS,
Domenick Fensore,D,71,Veteran,L,67,150,24,65,81,51,82,73,81,83,79,76,62,75,59,48,1500000,1,USA,
Dominik Bokk,LW,22,Veteran,R,73,180,25,61,85,78,77,87,89,87,72,68,54,78,58,48,3000000,0,GER,
Dougie Hamilton,D,3,Veteran,R,77,193,32,82,83,81,91,87,73,81,67,75,81,64,97,87,8000000,1,CAN,
Drake Batherson,LW,19,Veteran,L,75,204,27,80,79,79,83,81,81,80,77,76,61,77,67,62,4750000,1,CAN,
Drew Doughty,D,49,Veteran,R,72,213,35,70,77,75,86,83,77,77,74,81,83,68,99,85,5750000,0,CAN,
Dylan Cozens,C,96,Veteran,R,75,185,24,74,81,79,86,84,70,80,77,72,66,74,56,42,3000000,1,CAN,
Dylan Demelo,D,7,Veteran,R,73,194,32,80,74,82,84,78,76,74,71,70,81,56,71,64,2823000,1,CAN,
Dylan Gambrell,RW,34,Veteran,R,72,179,29,58,81,75,90,89,94,69,79,65,76,76,79,70,1750000,1,USA,
Dylan Guenther,RW,11,Veteran,R,73,181,22,65,76,72,75,74,77,76,74,76,62,80,50,44,975000,1,CAN,
Dylan Holloway,RW,31,Veteran,L,72,203,24,76,82,84,81,89,68,77,67,67,62,76,55,49,1500000,0,CAN,
Dylan Larkin,RW,68,Veteran,L,73,198,29,72,84,71,85,83,76,89,81,78,65,78,71,65,6000000,2,USA,
Dylan Peterson,RW,94,Rookie,L,76,192,23,67,68,82,73,82,74,69,69,68,62,72,57,38,75000,0,USA,
Dylan Strome,RW,19,Veteran,L,75,185,28,68,76,72,84,78,75,86,92,84,61,74,67,88,7250000,2,CAN,
Eamon Powell,D,43,Veteran,R,71,170,23,61,81,65,82,72,78,77,74,75,68,69,52,44,80000,0,USA,
Eeli Tolvanen,LW,52,Veteran,L,70,170,26,52,84,73,77,84,78,84,67,74,52,76,62,44,1750000,2,FIN,
Eemeli Rasanen,D,9,Veteran,R,79,209,26,79,67,93,80,82,80,66,60,63,79,56,69,58,1750000,2,FIN,
Eetu Luostarinen,RW,50,Veteran,L,75,190,27,77,74,79,77,83,80,73,76,73,72,73,57,53,3500000,0,FIN,
Egor Sokolov,LW,63,Veteran,R,76,235,25,64,74,83,79,81,75,72,65,76,55,81,59,53,700000,0,RUS,
Elias Lindholm,C,39,Veteran,R,73,192,31,67,76,67,82,77,87,90,90,80,66,68,68,66,5750000,2,SWE,
Elias Pettersson,C,50,Veteran,L,74,161,27,65,91,73,88,87,94,95,88,81,67,71,68,73,6000000,0,SWE,
Elliot Desnoyers,LW,97,Veteran,L,70,185,23,75,70,70,77,74,76,77,74,69,68,70,50,36,700000,0,CAN,
Elvis Merzlikins,G,90,Veteran,L,75,185,31,86,85,80,83,82,83,85,76,84,0,0,83,74,1125000,0,LAT,
Emil Andrae,D,51,Veteran,L,69,181,23,75,77,73,84,82,65,73,72,77,70,74,50,48,800000,0,SWE,
Emil M. Lilleberg,D,76,Rookie,L,74,207,24,74,71,77,77,78,68,72,64,59,72,63,58,43,75000,1,NOR,
Eric Comrie,G,31,Veteran,L,73,174,30,81,83,79,81,80,83,83,77,80,0,0,62,64,700000,0,CAN,
Erik Brannstrom,D,45,Veteran,L,70,179,26,58,85,65,77,75,83,84,78,79,66,72,71,56,4750000,1,SWE,
Erik Cernak,D,24,Veteran,R,75,203,28,82,64,86,84,74,75,71,64,68,83,57,77,63,4750000,1,SVK,
Erik Gudbranson,D,8,Veteran,R,77,223,33,70,71,83,81,74,69,70,72,71,74,59,88,73,1900000,0,CAN,
Erik Gustafsson,D,56,Veteran,L,72,197,33,64,76,72,79,76,71,77,74,71,65,67,75,65,1155000,1,SWE,
Erik Haula,LW,26,Veteran,L,72,192,34,68,78,65,77,76,76,79,72,72,67,70,82,69,1125000,0,FIN,
Erik Johnson,D,6,Veteran,R,76,225,37,73,73,82,73,69,76,71,62,67,76,56,99,85,1900000,0,USA,
Erik Karlsson,D,67,Veteran,R,72,191,35,58,78,57,97,90,90,84,77,79,68,74,99,97,5750000,0,SWE,
Esa Lindell,D,23,Veteran,L,75,220,31,70,76,80,84,83,84,76,70,71,81,56,82,81,3001000,1,FIN,
Ethan Phillips,C,14,Veteran,R,69,146,24,80,76,65,82,66,80,74,67,69,78,67,54,46,750000,1,CAN,
Evan Bouchard,D,3,Veteran,R,75,194,26,72,75,80,89,83,84,85,73,75,79,65,70,57,6000000,1,CAN,
Evander Kane,LW,11,Veteran,L,74,211,34,65,83,74,92,91,89,88,65,74,53,84,99,76,5750000,1,CAN,
Evgeni Malkin,RW,72,Veteran,L,75,185,39,67,74,79,81,78,73,75,80,76,59,74,99,93,3250000,0,RUS,
Evgeny Dadonov,RW,63,Veteran,L,71,189,36,59,78,70,73,76,78,79,73,69,57,72,85,57,750000,0,RUS,
Evgeny Kuznetsov,LW,21,Veteran,L,72,175,33,58,75,69,87,86,81,81,77,78,56,70,84,68,3750000,1,RUS,
Evgeny Svechnikov,LW,40,Veteran,L,74,200,29,83,80,90,86,94,78,81,71,74,57,84,67,62,6000000,2,RUS,
Filip Chytil,C,27,Veteran,L,75,209,25,70,76,75,74,69,78,79,72,72,62,75,72,62,1323000,1,CZE,
Filip Forsberg,RW,27,Veteran,R,73,205,31,73,76,69,78,72,81,78,77,81,62,82,97,84,8000000,0,SWE,
Filip Gustavsson,G,87,Veteran,L,74,185,27,78,84,84,91,94,85,91,71,85,0,0,67,63,2500000,1,SWE,
Filip Hallander,LW,18,Veteran,L,73,190,25,79,74,84,76,87,72,76,69,68,57,74,63,49,1500000,0,SWE,
Filip Hronek,D,5,Veteran,R,72,187,28,73,76,73,82,81,79,77,78,78,72,73,75,62,4760000,2,CZE,
Filip Zadina,LW,11,Veteran,L,72,195,26,63,89,76,92,80,84,91,78,77,55,87,69,59,8500000,1,CZE,
Frank Vatrano,RW,51,Veteran,L,70,201,31,74,80,66,79,80,73,77,73,78,64,80,79,68,3750000,2,USA,
Frederik Andersen,G,32,Veteran,L,76,238,35,75,94,93,94,93,86,87,69,86,0,0,92,77,6750000,0,DEN,
Fyodor Svechkov,RW,10,Veteran,L,72,179,22,64,79,71,71,71,75,84,83,75,65,71,46,47,900000,1,RUS,
Gabriel Carlsson,D,30,Veteran,L,77,192,28,86,75,88,88,85,81,77,59,70,79,56,70,51,4750000,0,SWE,
Gabriel Fortier,RW,19,Veteran,L,70,170,25,88,82,70,79,87,74,78,64,65,71,72,55,58,2250000,0,CAN,
Gabriel Landeskog,RW,10,Veteran,L,73,204,33,82,74,87,82,72,73,74,76,69,63,84,92,99,6750000,1,SWE,
Gabriel Vilardi,C,43,Veteran,R,75,203,26,60,76,80,79,80,83,76,75,71,66,66,70,54,1125000,0,CAN,
Gavin Bayreuther,D,6,Veteran,L,73,195,31,74,71,78,77,76,78,74,69,69,76,59,71,61,1130000,1,USA,
Gianni Fairbrother,D,24,Veteran,L,74,194,25,73,74,78,75,70,68,76,66,70,77,65,59,44,850000,0,CAN,
Griffin Reinhart,D,53,Veteran,L,76,212,31,84,73,85,93,87,85,79,61,80,83,55,83,72,6000000,0,CAN,
Grigori Denisenko,RW,13,Veteran,R,71,176,25,60,91,68,92,70,80,93,82,86,55,81,66,60,4250000,0,RUS,
Gustav Forsling,D,42,Veteran,L,72,195,29,72,79,77,84,79,78,82,74,80,83,64,73,66,8500000,0,SWE,
Gustav Nyquist,LW,50,Veteran,L,71,176,36,65,80,65,76,77,80,77,75,74,69,73,81,69,3200000,0,SWE,
Hampus Lindholm,D,23,Veteran,L,75,199,31,74,73,81,87,75,75,77,77,77,83,60,83,68,4750000,2,SWE,
Haydn Fleury,D,18,Veteran,L,75,221,29,80,70,91,88,86,76,85,75,70,81,67,69,57,9750000,2,CAN,
Helge Grans,D,39,Veteran,R,74,205,23,80,70,84,76,74,75,71,68,70,79,60,52,49,800000,0,SWE,
Hendrix Lapierre,C,20,Veteran,L,72,179,23,65,77,70,77,70,81,80,77,73,70,75,49,38,900000,0,CAN,
Henri Jokiharju,D,64,Veteran,R,72,180,26,70,81,85,85,78,80,80,67,72,82,55,58,51,3500000,2,FIN,
Henrik Rybinski,C,75,Rookie,R,73,176,24,69,69,72,75,84,77,75,69,68,70,69,54,38,70000,1,CAN,
Henry Thrun,D,69,Veteran,L,74,188,24,69,69,80,79,72,73,70,67,66,71,65,62,38,1000000,0,USA,
Hugo Hanefelt,G,31,Veteran,L,74,176,24,79,88,81,87,82,87,86,61,80,0,0,64,63,1000000,1,SWE,
Hunter Skinner,D,43,Rookie,R,75,174,24,75,68,84,74,69,73,72,64,65,74,60,48,47,80000,1,USA,
Ian Cole,D,10,Veteran,R,73,225,36,73,67,81,80,75,66,66,68,66,76,54,87,76,1250000,0,USA,
Ian Moore,D,84,Rookie,R,74,171,23,59,73,73,81,74,74,75,74,72,64,71,47,42,775000,0,USA,
Igor Shestyorkin,G,31,Veteran,L,72,185,30,83,87,80,84,83,82,88,77,87,0,0,73,64,3750000,3,RUS,
Ilya Lyubushkin,D,46,Veteran,R,74,201,31,86,69,81,78,74,70,70,66,65,75,54,67,59,1900000,0,RUS,
Ilya Samsonov,G,74,Veteran,L,76,205,28,78,95,83,98,94,85,92,76,88,0,0,75,63,7250000,0,RUS,
Ilya Sorokin,G,30,Veteran,L,75,195,30,87,89,86,91,87,85,87,75,86,0,0,75,63,8000000,1,RUS,
Isac Lundestrom,RW,10,Veteran,L,72,185,26,67,83,76,95,90,93,84,82,73,65,80,65,71,8500000,2,SWE,
Isaiah Saville,G,31,Veteran,L,73,190,25,73,84,88,86,81,84,87,67,83,0,0,63,53,750000,1,USA,
Isak Rosen,LW,26,Veteran,L,71,161,22,71,79,68,76,69,79,78,72,73,64,75,47,38,900000,1,SWE,
Ivan Barbashev,C,52,Veteran,L,73,198,30,81,73,78,78,84,77,74,73,70,66,72,80,70,3750000,2,RUS,
Ivan Morozov,LW,13,Veteran,R,73,196,25,63,76,78,87,71,88,73,69,67,69,74,58,42,800000,0,RUS,
J.G. Pageau,C,44,Veteran,R,70,180,33,77,75,73,79,76,79,76,76,67,71,72,86,78,3061000,0,CAN,
J.T. Miller,C,32,Veteran,L,73,189,32,70,80,79,81,86,85,83,86,81,69,72,85,95,8000000,1,USA,
Jaccob Slavin,D,74,Veteran,L,73,170,31,64,73,83,88,85,89,76,70,71,82,57,77,79,7250000,0,USA,
Jack Drury,RW,22,Veteran,L,71,175,25,66,82,68,77,70,74,79,77,79,66,74,60,61,3500000,2,USA,
Jack Eichel,C,9,Veteran,R,74,203,29,66,83,73,89,84,79,83,80,79,59,78,81,66,6000000,2,USA,
Jack Hughes,C,36,Veteran,L,70,170,24,63,87,65,89,90,89,95,82,86,60,84,53,44,9250000,1,USA,
Jack Quinn,RW,22,Veteran,R,72,176,24,68,77,69,85,88,83,75,74,71,67,84,54,47,2250000,0,CAN,
Jack Roslovic,RW,97,Veteran,R,73,187,28,71,81,78,83,83,87,77,81,72,71,76,75,72,4750000,0,USA,
Jack Smith,C,8,Rookie,L,71,182,23,62,77,62,79,69,72,73,77,69,67,77,48,41,70000,0,USA,
Jackson LaCombe,D,6,Veteran,L,74,175,24,62,84,70,81,78,70,82,77,74,64,77,56,48,3000000,1,USA,
Jacob Bernard-Docker,D,27,Veteran,R,72,181,25,66,80,79,77,82,79,78,68,65,73,63,58,40,1500000,0,CAN,
Jacob Cederholm,D,9,Veteran,R,76,187,27,89,71,86,85,79,74,75,55,64,83,49,64,61,2500000,1,SWE,
Jacob de la Rose,C,5,Veteran,L,75,210,30,99,75,91,83,99,99,84,66,68,81,66,75,81,5750000,3,SWE,
Jacob Markstrom,G,28,Veteran,L,78,207,35,84,88,91,92,89,77,88,71,81,0,0,85,77,3750000,0,SWE,
Jacob McGrew,LW,21,Veteran,R,70,185,26,75,73,73,80,76,73,68,64,64,58,71,64,40,77500,1,USA,
Jacob Olofsson,C,13,Veteran,L,74,192,25,63,78,78,80,89,82,79,73,70,66,70,58,49,1500000,0,SWE,
Jacob Perreault,RW,28,Veteran,R,71,192,23,60,86,70,77,76,77,84,75,74,61,81,54,46,900000,0,CAN,
Jacob Trouba,D,11,Veteran,R,75,209,31,84,75,82,94,73,89,90,65,71,82,62,93,82,8500000,0,USA,
Jacob Truscott,D,71,Veteran,L,73,170,23,77,73,79,78,77,71,72,68,70,84,65,53,53,750000,0,USA,
Jaden Schwartz,C,76,Veteran,L,69,176,33,62,81,64,89,83,98,89,85,83,66,68,99,99,5750000,2,CAN,
Jake Allen,G,1,Veteran,L,74,198,35,82,83,82,81,81,85,85,74,86,0,0,81,84,1128000,0,CAN,
Jake Bean,D,41,Veteran,L,73,172,27,55,74,74,85,76,88,72,72,76,67,77,65,49,3500000,1,CAN,
Jake DeBrusk,LW,75,Veteran,L,72,190,29,93,76,88,79,96,75,79,66,75,68,89,80,76,8500000,2,CAN,
Jake Evans,C,71,Veteran,R,72,176,29,69,79,75,86,84,80,77,71,67,68,72,64,64,1750000,0,CAN,
Jake Guentzel,C,3,Veteran,L,71,180,31,68,77,66,85,81,84,80,78,76,57,80,78,60,6000000,0,USA,
Jake Muzzin,D,17,Veteran,L,75,215,36,70,66,85,88,80,70,70,65,66,76,63,94,89,3750000,1,CAN,
Jake Neighbours,LW,30,Veteran,L,72,195,23,84,76,83,85,92,77,73,70,69,68,79,52,50,900000,0,CAN,
Jake Oettinger,G,60,Veteran,L,76,212,27,81,91,89,93,94,88,92,71,88,0,0,60,64,4750000,0,USA,
Jake Sanderson,D,12,Veteran,L,73,185,23,73,77,87,84,82,75,79,73,77,81,59,50,49,3000000,0,USA,
Jakob Chychrun,D,22,Veteran,L,75,210,27,82,81,81,88,87,85,85,59,70,82,47,86,48,3500000,1,USA,
Jakob Pelletier,LW,8,Veteran,L,69,165,24,77,88,61,85,73,81,85,76,77,61,83,56,56,3000000,1,CAN,
Jakub Lauko,C,98,Veteran,L,72,169,25,84,81,75,75,83,74,82,62,69,74,70,60,54,1500000,0,CZE,
Jakub Vrana,LW,10,Veteran,L,72,197,29,58,88,69,93,87,79,90,78,76,67,81,71,64,6000000,2,CZE,
Jakub Zboril,D,39,Veteran,L,73,184,28,87,78,82,94,86,84,76,70,71,81,66,71,70,8500000,2,CZE,
James VanRiemsdyk,RW,51,Veteran,L,75,207,36,64,77,79,73,75,77,77,72,74,59,78,94,84,1473000,0,USA,
Jamie Benn,RW,17,Veteran,L,74,210,36,71,73,78,79,81,77,76,72,68,59,71,99,95,3765000,0,CAN,
Jamie Drysdale,D,6,Veteran,R,71,183,23,65,83,65,85,79,78,86,80,79,71,70,46,43,2250000,0,CAN,
Jamie Oleksiak,D,5,Veteran,L,79,255,33,75,72,90,78,79,75,70,67,66,78,60,80,67,2875000,1,CAN,
Jamieson Rees,RW,23,Veteran,L,71,172,24,82,94,64,81,68,71,79,84,73,68,74,57,57,4250000,1,CAN,
Jan Jenik,LW,20,Veteran,L,73,161,25,66,84,67,83,86,89,84,72,73,59,80,61,52,2250000,0,CZE,
Jan Mysak,LW,29,Veteran,L,71,175,23,66,84,72,79,80,83,81,72,73,58,80,52,44,900000,0,CZE,
Jan Rutta,D,44,Veteran,R,75,204,35,69,66,80,80,72,73,66,70,66,77,59,80,68,1125000,0,CZE,
Jani Hakanpaa,D,11,Veteran,R,79,225,32,82,65,90,77,77,72,66,67,64,79,57,68,63,1900000,0,FIN,
Janis Jerome Moser,D,53,Veteran,L,73,187,25,67,76,74,79,77,75,74,73,71,75,63,73,60,3000000,3,SWZ,
Jared Cowen,D,2,Veteran,L,77,238,34,81,67,83,88,85,88,82,57,67,86,50,95,79,4750000,1,CAN,
Jared McCann,LW,86,Veteran,L,72,179,29,69,79,75,81,80,77,80,75,74,60,83,76,69,4750000,2,CAN,
Jared McIsaac,D,18,Veteran,L,73,196,25,82,77,87,92,85,69,83,57,68,85,50,59,55,3000000,0,CAN,
Jared Spurgeon,D,46,Veteran,R,69,165,35,58,78,56,81,70,88,77,75,76,71,71,90,82,2100100,1,CAN,
Jarret Tyszka,D,4,Veteran,L,74,187,26,80,72,87,82,71,89,73,69,64,82,52,67,67,3500000,2,CAN,
Jason Dickinson,LW,19,Veteran,L,74,200,30,77,87,60,95,88,84,88,69,74,75,73,74,72,4750000,0,CAN,
Jason Robertson,LW,87,Veteran,L,74,192,26,77,81,84,80,83,90,79,74,76,59,84,72,76,6000000,2,USA,
Jay O'Brien,RW,38,Veteran,R,70,185,26,64,88,69,82,83,93,83,68,68,55,83,63,57,1750000,1,USA,
Jayden Struble,D,29,Veteran,L,72,205,24,78,76,85,77,78,65,76,59,66,75,61,58,42,2250000,1,USA,
Jeff Petry,D,9,Veteran,R,75,207,38,76,74,78,80,69,74,75,72,69,71,58,95,80,1750000,0,USA,
Jeff Skinner,LW,53,Veteran,L,71,200,33,61,88,73,86,82,88,95,72,77,57,86,94,90,6750000,2,CAN,
Jeremie Poirier,D,53,Veteran,L,72,193,23,62,78,69,84,78,76,80,78,83,61,79,56,55,900000,0,CAN,
Jeremy Gregoire,C,18,Veteran,R,72,190,30,95,81,94,77,85,99,78,62,55,91,61,90,95,3750000,2,CAN,
Jeremy Swayman,G,39,Veteran,L,74,187,27,80,85,82,82,93,88,83,68,86,0,0,66,65,1125000,1,USA,
Jesper Bratt,RW,63,Veteran,L,70,175,27,59,86,64,82,80,85,88,84,80,56,79,78,71,4750000,2,SWE,
Jesper Eliasson,G,39,Veteran,L,75,209,25,74,81,83,85,87,85,84,79,80,0,0,60,51,800000,0,SWE,
Jesper Wallstedt,G,1,Veteran,L,75,214,23,78,85,82,87,89,83,87,78,85,0,0,53,58,1500000,1,SWE,
Jesperi Kotkaniemi,LW,15,Veteran,L,74,198,25,70,83,77,89,86,83,83,82,79,62,79,61,51,5500000,0,FIN,
Jesse Puljujarvi,RW,47,Veteran,R,76,201,27,59,85,80,96,87,83,94,75,86,58,87,64,54,7250000,0,SWE,
Jesse Ylonen,LW,83,Veteran,R,72,167,26,62,87,62,87,86,91,88,78,78,52,77,62,50,2500000,1,FIN,
Jett Woo,D,7,Veteran,R,72,205,25,88,73,85,91,74,72,81,67,75,85,59,57,60,4250000,0,CAN,
J-J Peterka,RW,20,Veteran,L,71,192,23,62,86,74,80,81,81,88,75,77,58,85,55,58,900000,0,GER,
Joe Hicketts,D,3,Veteran,L,68,187,29,70,79,68,93,87,99,85,68,69,74,66,71,70,3500000,2,CAN,
Joe Pavelski,C,22,Veteran,R,71,195,41,68,66,71,77,80,77,77,76,69,65,73,99,99,2500000,0,USA,
Joel Armia,LW,51,Veteran,R,76,218,32,65,77,77,76,72,73,74,73,73,69,73,77,63,1125000,0,FIN,
Joel Blomqvist,G,56,Veteran,L,74,183,23,77,87,74,91,89,89,87,64,85,0,0,55,53,800000,0,FIN,
Joel ErikssonEk,C,22,Veteran,L,74,183,28,77,71,82,79,79,77,74,78,74,73,78,77,64,8500000,0,SWE,
Joel Farabee,LW,33,Veteran,L,72,164,25,68,88,69,84,76,78,83,75,79,63,84,53,46,3000000,0,USA,
Joel Hanley,D,44,Veteran,L,71,190,34,73,73,74,73,72,76,74,65,64,74,56,69,63,700000,0,CAN,
Joel Hofer,G,96,Veteran,L,75,160,25,76,83,84,85,82,81,84,73,76,0,0,69,58,750000,0,CAN,
John Beecher,RW,52,Veteran,L,75,210,24,81,76,91,83,91,63,79,69,69,61,77,56,49,3000000,1,USA,
John Carlson,D,74,Veteran,R,75,212,35,66,75,74,84,73,81,78,83,78,73,72,97,83,8000000,0,USA,
John Gibson,G,2,Veteran,L,74,209,32,78,86,84,87,87,82,85,70,83,0,0,83,73,2910000,1,USA,
John Klingberg,D,59,Veteran,R,75,190,33,69,76,68,84,79,78,83,80,77,68,71,96,72,5750000,0,SWE,
John Tavares,C,11,Veteran,L,72,195,34,66,80,71,96,87,79,78,81,76,58,82,99,84,6750000,1,CAN,
Johnathan Kovacevic,D,26,Veteran,R,76,208,28,77,70,82,78,74,71,71,69,67,77,64,68,60,800000,0,CAN,
Jon A.Marchessault,RW,81,Veteran,R,69,184,35,71,88,54,88,80,79,80,76,71,72,82,88,86,4750000,1,CAN,
Jonas Brodin,D,5,Veteran,L,73,196,31,69,76,77,84,72,80,77,72,74,80,60,85,74,6100000,1,SWE,
Jonas Siegenthaler,D,71,Veteran,L,74,218,28,81,74,86,84,77,73,77,71,71,82,60,65,57,4761000,2,SWI,
Jonathan Drouin,C,94,Veteran,L,72,203,30,64,83,63,95,88,83,95,90,88,61,75,87,69,8500000,1,CAN,
Jonathan Huberdeau,LW,16,Veteran,L,73,188,32,62,77,74,86,84,81,80,77,75,58,79,85,82,5750000,2,CAN,
Jonathan Toews,C,22,Veteran,L,74,201,37,64,78,65,82,84,81,78,76,68,61,69,99,98,3250000,0,CAN,
Jonathan Tychonick,D,7,Veteran,L,72,173,25,73,80,66,80,82,76,75,73,75,67,68,57,48,2500000,2,CAN,
Joni Ikonen,C,23,Veteran,R,70,168,26,70,95,60,84,80,85,83,72,74,57,84,66,61,3500000,2,FIN,
Joonas Korpisalo,G,70,Veteran,L,75,190,31,78,88,80,85,87,86,83,70,87,0,0,73,74,800000,0,FIN,
Jordan Binnington,G,50,Veteran,L,73,174,32,82,84,80,81,80,78,85,78,82,0,0,79,68,1900000,0,CAN,
Jordan Eberle,C,77,Veteran,R,71,190,35,57,76,69,80,77,80,74,75,68,61,75,89,78,2750000,0,CAN,
Jordan Greenway,LW,21,Veteran,L,78,231,28,86,71,97,85,98,71,75,73,63,59,86,69,72,4750000,0,USA,
Jordan Harris,D,20,Veteran,L,71,179,25,60,78,61,74,73,75,82,72,75,71,67,58,49,1750000,1,USA,
Jordan Kyrou,C,80,Veteran,R,72,170,27,61,82,70,81,82,83,84,79,76,55,82,74,62,3500000,1,CAN,
Josef Korenar,G,32,Veteran,L,73,185,27,81,82,84,83,85,81,85,67,80,0,0,72,59,950000,1,CZE,
Joseph Veleno,C,19,Veteran,L,73,193,25,68,87,79,83,85,79,83,84,78,70,73,59,61,6750000,0,CAN,
Joseph Woll,G,11,Veteran,L,75,196,27,79,87,88,90,94,83,88,72,82,0,0,66,61,3500000,1,USA,
Josh Archibald,LW,45,Veteran,L,70,181,33,63,92,64,88,81,80,87,70,73,56,86,99,80,5750000,1,CAN,
Josh Doan,RW,91,Veteran,R,74,188,23,71,80,75,78,77,77,77,73,71,67,77,53,47,800000,1,USA,
Josh Ho-Sang,RW,40,Veteran,R,71,175,29,56,88,67,86,84,70,91,74,82,49,76,62,47,3500000,1,CAN,
Josh Lopina,C,14,Veteran,R,74,194,24,68,78,77,78,78,80,76,76,71,66,74,57,49,750000,1,USA,
Josh Manson,D,5,Veteran,R,75,218,33,83,71,87,79,73,64,72,66,63,77,56,81,67,1900000,0,CAN,
Josh Morrissey,D,46,Veteran,L,72,195,30,78,78,71,84,79,70,79,78,78,76,74,73,54,8000000,1,CAN,
Josh Norris,C,29,Veteran,L,73,192,26,60,80,77,80,84,83,84,76,69,78,77,66,62,6000000,2,USA,
Julien Gauthier,RW,12,Veteran,R,76,226,28,80,85,93,85,95,73,81,67,62,48,81,64,52,4750000,0,CAN,
Juraj Slafkovsky,LW,20,Veteran,L,76,218,21,72,75,80,75,82,71,76,76,75,59,78,48,40,975000,0,SVK,
Justin Barron,D,56,Veteran,R,73,195,24,73,71,81,83,78,82,73,62,63,76,62,55,39,900000,0,CAN,
Justin Faulk,D,72,Veteran,R,72,217,33,65,75,70,87,78,75,78,80,72,73,73,98,81,5750000,2,USA,
Justin Sourdif,C,60,Veteran,R,71,173,23,64,76,72,85,76,80,77,75,73,65,73,51,43,800000,0,CAN,
Justus Annunen,G,32,Veteran,L,76,217,25,79,78,83,84,85,79,83,78,81,0,0,61,46,800000,0,FIN,
Juuse Saros,G,31,Veteran,L,70,181,30,75,91,81,96,95,80,90,74,85,0,0,69,66,7250000,0,FIN,
Juuso Valimaki,D,23,Veteran,L,74,212,27,74,78,83,83,74,87,82,77,80,65,79,75,64,3500000,0,FIN,
Kaapo Kakko,RW,48,Veteran,L,74,188,24,67,87,80,85,86,83,89,74,78,63,82,51,43,6750000,1,FIN,
Kaapo Khakonen,G,2,Veteran,L,74,216,29,83,83,82,82,82,84,86,68,80,0,0,71,61,750000,0,FIN,
Kaedan Korczak,D,15,Veteran,R,75,201,24,82,75,85,85,79,72,80,62,71,81,56,51,48,2250000,1,CAN,
Kaiden Guhle,D,15,Veteran,L,74,186,23,82,74,83,80,80,75,75,67,69,79,61,51,38,900000,0,CAN,
Kailer Yamamoto,LW,74,Veteran,R,68,157,27,67,92,52,81,74,77,92,78,83,52,88,69,72,3500000,0,CAN,
K'Andre Miller,D,42,Veteran,L,75,206,25,86,81,94,87,77,76,88,68,71,77,66,56,57,8000000,0,USA,
Karel Vejmelka,G,70,Veteran,R,76,224,29,82,88,82,84,88,83,87,71,82,0,0,69,65,3500000,1,CZE,
Karl Henriksson,LW,33,Veteran,L,71,178,24,74,80,60,86,79,80,80,75,71,69,75,57,43,1500000,1,SWE,
Kasper Puutio,D,91,Veteran,R,71,185,23,58,75,71,75,68,76,76,75,76,64,70,53,46,700000,0,FIN,
Kasper Simontaival,LW,40,Veteran,R,69,180,23,66,82,65,80,75,85,79,76,77,64,82,51,49,800000,0,FIN,
Kasperi Kapanen,RW,33,Veteran,R,70,165,29,67,85,64,86,77,82,89,86,83,62,80,72,57,7250000,1,FIN,
Keegan Kolesar,RW,55,Veteran,R,74,219,28,88,75,91,85,90,91,79,65,68,75,66,66,62,2500000,2,CAN,
Kent Johnson,LW,15,Veteran,L,73,168,23,66,77,72,76,76,79,77,76,81,63,76,56,41,1500000,1,USA,
Kevin Bahl,D,47,Veteran,L,78,230,25,88,64,95,86,86,63,82,57,62,87,55,65,62,3000000,0,CAN,
Kevin Fiala,RW,25,Veteran,L,70,193,29,67,82,72,84,86,75,90,79,77,57,77,78,68,7250000,2,SWI,
Kevin Hayes,LW,25,Veteran,L,77,216,33,69,68,86,78,78,79,72,73,72,63,72,77,75,1125000,0,USA,
Kevin Labanc,LW,62,Veteran,R,71,185,30,66,77,72,83,88,86,83,81,80,60,79,73,61,6000000,0,USA,
Kevin Lankinen,G,1,Veteran,L,74,185,30,85,84,83,82,82,80,86,73,83,0,0,66,63,800000,0,FIN,
Kevin Shattenkirk,D,6,Veteran,R,72,207,36,70,76,74,76,72,76,79,71,73,73,61,88,80,1250000,0,USA,
Kevin Stenlund,RW,28,Veteran,R,76,215,29,78,69,82,75,78,71,69,67,71,70,72,65,59,750000,0,SWE,
Kieffer Bellows,RW,35,Veteran,L,72,196,27,83,91,93,87,97,93,79,62,72,59,87,72,82,7250000,1,USA,
Kirby Dach,C,92,Veteran,R,75,200,24,67,83,82,86,83,75,87,80,76,61,77,52,41,5500000,1,CAN,
Kirill Kabanov,LW,21,Veteran,R,74,194,33,66,82,64,92,71,78,86,80,84,44,80,95,55,5750000,2,RUS,
Kirill Kaprizov,C,97,Veteran,L,70,202,28,69,83,71,86,79,80,87,84,81,57,85,75,65,8500000,2,RUS,
Kirill Kirsanov,D,78,Veteran,L,73,198,23,73,74,78,73,79,74,74,70,63,71,61,54,42,75000,1,RUS,
Kirill Marchenko,RW,99,Veteran,R,76,187,25,59,90,84,77,76,84,83,66,72,53,77,61,47,1500000,0,RUS,
Klim Kostin,RW,50,Veteran,L,75,196,26,54,89,87,79,86,81,95,70,73,52,82,67,57,4750000,2,RUS,
Kole Lind,LW,39,Veteran,R,73,178,27,71,88,69,92,86,94,84,77,72,48,81,70,56,2500000,1,CAN,
Kyle Connor,LW,82,Veteran,L,73,183,29,61,88,73,83,84,87,84,77,79,66,83,76,75,8500000,1,USA,
Kyle Okposo,RW,21,Veteran,R,72,220,37,71,69,74,73,74,77,71,71,67,64,70,91,74,862500,0,USA,
Kyle Palmieri,RW,51,Veteran,R,71,185,34,70,78,65,77,77,75,76,73,77,57,77,83,65,1125000,0,USA,
Lars Eller,LW,25,Veteran,L,73,207,36,71,74,77,77,80,72,70,72,72,68,72,93,82,1300000,0,DEN,
Laurent Brossoit,G,2,Veteran,L,75,203,32,85,84,85,80,80,85,85,71,83,0,0,71,63,800000,0,CAN,
Lawson Crouse,RW,52,Veteran,L,76,216,28,80,74,79,79,79,72,72,73,71,66,74,71,53,1900000,1,CAN,
Layton Ahac,D,45,Veteran,L,74,187,24,79,73,84,75,80,77,72,65,60,81,62,55,56,1500000,1,CAN,
Leo Carlsson,LW,2,Veteran,L,75,190,21,66,73,77,80,78,78,78,80,77,73,73,47,42,975000,1,SWE,
Leon Draisaitl,C,29,Veteran,L,74,209,30,66,81,81,89,86,82,82,83,79,58,82,78,76,12500000,1,GER,
Liam Foudy,C,13,Veteran,L,72,175,25,65,90,65,86,82,81,89,71,69,66,72,52,47,2250000,0,CAN,
Lias Andersson,LW,50,Veteran,L,71,190,27,87,77,93,88,92,87,74,71,63,75,75,66,51,3500000,0,SWE,
Linus Ullmark,G,35,Veteran,L,77,212,32,84,88,89,89,80,86,87,71,85,0,0,66,73,3250000,0,SWE,
Logan Brown,RW,66,Veteran,L,78,220,27,85,76,99,89,92,83,73,68,69,62,82,72,69,7250000,1,USA,
Logan Cooley,C,92,Veteran,L,70,180,21,67,78,65,75,72,76,82,80,76,62,76,42,35,975000,0,USA,
Logan Couture,C,42,Veteran,L,73,200,36,68,74,75,78,76,77,71,78,74,70,76,99,90,3250000,0,CAN,
Logan Mailloux,D,27,Veteran,R,75,212,22,72,69,82,77,80,60,69,70,66,74,66,46,37,90000,1,CAN,
Logan O'Connor,RW,26,Veteran,R,72,175,29,72,74,78,76,80,76,72,73,69,70,71,70,57,800000,0,USA,
Logan Stankoven,RW,12,Veteran,R,68,170,22,70,81,65,76,65,78,80,74,75,65,78,48,47,800000,1,CAN,
Logan Thompson,G,36,Veteran,R,76,205,28,76,86,86,89,89,82,82,67,81,0,0,67,63,1750000,0,CAN,
Louis Belpedio,D,4,Veteran,L,70,193,29,79,70,83,76,83,77,73,70,58,82,57,76,75,3500000,2,USA,
Louis Crevier,D,8,Veteran,R,79,209,24,81,66,96,74,73,72,66,61,62,82,60,51,57,750000,0,CAN,
Lucas Edmonds,RW,29,Rookie,R,71,195,24,66,73,68,75,77,79,70,75,73,55,78,52,50,750000,0,SWE,
Lucas Feuk,LW,20,Rookie,L,72,185,24,79,69,79,79,85,81,77,65,64,64,74,54,45,70000,1,SWE,
Lucas Raymond,LW,62,Veteran,R,71,170,23,64,85,68,87,79,86,84,81,82,64,84,50,47,1500000,0,SWE,
Lukas Cormier,D,53,Veteran,L,70,180,23,72,81,69,79,78,84,78,76,74,75,72,50,39,800000,0,CAN,
Lukas Dostal,G,32,Veteran,L,73,158,25,77,87,78,84,84,85,91,74,83,0,0,63,53,1500000,0,CZE,
Lukas Reichel,RW,43,Veteran,L,72,170,23,68,84,72,81,83,84,85,74,72,57,76,48,47,900000,0,GER,
Luke Glendening,LW,11,Veteran,R,71,190,36,80,73,77,73,80,72,73,66,66,70,70,73,70,865000,0,USA,
Luke Hughes,D,43,Veteran,L,74,176,22,69,78,70,72,72,73,82,75,73,68,69,50,32,975000,1,USA,
Luke Shenn,D,8,Veteran,L,74,216,35,81,74,82,90,78,79,75,61,72,88,48,99,78,6750000,0,CAN,
Luke Tuch,LW,1,Veteran,L,74,205,23,80,67,87,80,89,72,70,70,67,58,80,55,52,700000,0,USA,
Mack Blackwood,G,31,Veteran,L,76,225,29,78,87,89,96,90,86,86,72,81,0,0,70,61,3500000,1,CAN,
MacKenzie Weegar,D,24,Veteran,R,71,183,31,80,75,78,84,78,75,72,73,72,76,61,67,69,4750000,2,CAN,
Mackie Samoskevich,RW,12,Veteran,R,71,190,23,66,79,71,73,69,76,81,77,77,71,69,56,42,1500000,0,USA,
Magnus Chrona,G,37,Veteran,L,76,209,25,73,84,87,91,88,88,88,66,88,0,0,65,60,750000,0,SWE,
Magnus Hellberg,G,3,Veteran,L,78,209,34,81,80,86,72,74,80,79,73,80,0,0,63,54,700000,0,SWE,
Maksim Berezkin,LW,78,Rookie,R,74,201,24,62,78,80,69,82,81,79,68,69,64,77,56,56,75000,0,RUS,
Marat Khusnutdinov,C,41,Veteran,L,70,175,23,66,85,68,75,79,77,87,75,75,59,68,53,39,800000,0,RUS,
Marco Kasper,RW,24,Veteran,L,73,185,21,78,79,73,78,76,71,79,72,73,69,76,47,45,975000,0,AUS,
Marco Rossi,C,15,Veteran,L,69,183,24,65,80,70,95,80,89,81,84,85,66,79,61,49,6750000,1,AUS,
Marcus Johansson,C,21,Veteran,L,71,205,34,69,78,72,76,75,77,76,72,72,61,72,82,78,1125000,0,SWE,
Marcus Pettersson,D,19,Veteran,L,75,160,29,82,82,66,87,85,84,80,77,74,73,77,70,56,6000000,2,SWE,
Mark Scheifele,C,56,Veteran,R,75,207,32,66,76,78,85,78,78,81,82,79,63,69,99,98,5750000,2,CAN,
Mark Stone,RW,61,Veteran,R,75,212,33,65,74,77,86,85,89,78,83,81,75,74,87,99,8000000,2,CAN,
Mark Visentin,G,33,Veteran,L,74,201,33,81,88,96,95,99,86,85,73,89,0,0,93,66,5750000,3,CAN,
Martin Chromiak,LW,44,Rookie,R,72,187,23,59,78,74,76,77,83,78,74,70,56,71,51,36,800000,0,SLO,
Martin Jones,G,1,Veteran,L,77,203,35,83,82,84,84,82,79,83,72,81,0,0,90,75,2750000,0,CAN,
Martin Necas,C,88,Veteran,R,73,167,26,65,86,74,83,76,94,84,75,70,65,74,62,59,4750000,2,CZE,
Mason Marchment,LW,54,Veteran,L,76,209,30,82,74,84,76,77,71,76,75,71,66,75,64,63,3100000,1,CAN,
Mason McTavish,C,24,Veteran,L,74,207,22,68,74,76,80,80,76,76,72,76,62,81,47,37,975000,1,CAN,
Mat Clark,D,74,Veteran,R,75,225,34,84,74,89,78,83,79,72,49,56,85,41,93,78,3750000,0,USA,
Matej Blumel,RW,51,Veteran,L,72,198,25,59,80,70,80,79,78,81,75,77,58,70,66,45,1125000,0,CZE,
Matej Tomek,G,44,Veteran,L,75,181,28,77,83,84,94,89,89,88,69,82,0,0,77,62,3500000,0,SVK,
Mathew Barzal,C,16,Veteran,R,72,180,28,71,87,74,85,82,88,94,84,82,63,71,75,73,7250000,0,CAN,
Mathieu Joseph,LW,21,Veteran,L,73,187,28,79,79,75,76,80,77,77,71,65,68,72,69,61,2500000,1,CAN,
Matt Benning,D,5,Veteran,R,73,203,29,76,73,79,81,76,78,73,72,70,76,56,76,63,800000,0,CAN,
Matt Duchene,RW,25,Veteran,L,71,194,34,60,80,71,77,77,79,77,75,76,68,75,94,69,4750000,0,CAN,
Matt Dumba,D,26,Veteran,R,72,184,31,76,78,69,90,85,74,81,81,79,69,73,85,69,5750000,4,CAN,
Matt Grzelcyk,D,48,Veteran,L,70,176,30,67,78,67,78,73,75,78,70,70,77,60,75,63,2000000,0,USA,
Matt Roy,D,5,Veteran,R,73,205,30,77,73,80,79,80,77,75,74,71,79,60,70,61,4750000,0,USA,
Matthew Beniers,LW,14,Veteran,L,73,174,23,75,82,75,85,79,80,77,77,74,73,76,49,42,2250000,0,USA,
Matthew Boldy,RW,14,Veteran,L,73,190,24,71,81,79,83,79,72,75,70,68,67,74,56,38,2250000,1,USA,
Matthew Coronato,RW,22,Veteran,R,70,183,23,69,82,65,80,67,74,84,79,80,60,81,53,45,2250000,1,USA,
Matthew Murray,G,31,Veteran,L,76,178,31,80,82,74,83,75,86,79,75,80,0,0,82,75,750000,0,CAN,
Matthew Phillips,RW,26,Veteran,R,68,161,27,71,78,63,78,76,84,79,75,77,63,74,58,56,700000,0,CAN,
Matthew Savoie,C,93,Veteran,R,69,180,21,67,84,63,83,73,75,80,80,79,63,76,42,46,975000,0,CAN,
Matthew Tkachuk,LW,26,Veteran,L,74,202,28,75,82,74,90,86,83,87,76,80,50,86,74,57,8500000,2,USA,
Mattias Ekholm,D,4,Veteran,L,76,225,36,63,70,79,81,80,76,71,70,71,77,64,94,81,2500000,1,SWE,
Mattias Janmark,LW,50,Veteran,L,73,205,33,62,78,76,70,73,73,78,73,74,65,69,75,66,1125000,0,SWE,
Mattias Samuelsson,D,3,Veteran,L,76,217,25,86,66,95,85,84,68,76,57,70,85,51,59,50,3000000,0,USA,
Matvei Michkov,RW,7,Veteran,L,70,165,21,67,73,62,80,65,72,81,81,82,62,83,45,43,975000,1,RUS,
Mavrik Bourque,C,23,Veteran,R,70,185,23,68,83,64,87,77,76,81,80,77,67,79,50,53,900000,0,CAN,
Max Domi,RW,17,Veteran,L,70,198,30,60,84,82,80,82,81,89,75,72,52,80,80,60,6000000,1,CAN,
Max Pacioretty,LW,68,Veteran,L,74,214,37,64,78,80,89,80,83,75,75,66,65,79,99,93,3250000,0,USA,
Maxim Groshev,LW,14,Rookie,L,74,194,24,63,75,81,75,80,77,76,68,69,55,73,49,37,70000,0,RUS,
Michael Benning,D,59,Veteran,R,69,177,23,66,77,66,80,77,78,77,73,75,64,73,58,51,750000,0,CAN,
Michael Bunting,LW,58,Veteran,L,72,186,30,74,82,75,86,84,68,76,83,67,73,82,68,67,6000000,1,CAN,
Michael Kesselring,D,5,Veteran,R,77,220,25,70,73,82,79,78,68,76,73,70,78,58,65,55,937500,1,CAN,
Michael Lee,G,28,Veteran,L,73,185,34,81,88,92,93,92,86,90,67,83,0,0,85,67,5750000,0,USA,
Michael McNiven,G,9,Veteran,L,73,220,28,79,89,86,94,89,87,93,73,84,0,0,77,68,4750000,0,CAN,
Michael Rasmussen,LW,57,Veteran,L,77,220,26,92,77,98,84,95,76,75,64,68,52,85,62,64,6000000,2,CAN,
Michael Vukojevic,D,37,Veteran,L,75,215,24,78,65,90,82,87,67,78,63,63,79,56,60,45,1500000,1,CAN,
Mika Zibanejad,C,94,Veteran,R,74,208,32,67,76,80,91,73,78,79,81,73,70,84,94,91,6750000,3,SWE,
Mikael Backlund,LW,25,Veteran,L,72,207,36,66,75,69,75,74,75,76,74,71,69,73,92,82,1755000,0,SWE,
Mikael Granlund,C,25,Veteran,L,71,185,33,63,80,63,79,77,79,76,76,75,66,71,88,70,1900000,0,FIN,
Mike Matheson,D,7,Veteran,L,74,187,31,64,82,75,83,72,75,85,76,76,64,68,78,70,2750000,0,CAN,
Mike Reilly,D,8,Veteran,L,73,199,31,77,75,79,78,75,74,76,73,72,77,63,78,71,1125000,0,USA,
Mikey Anderson,D,48,Veteran,L,72,197,26,76,73,83,83,81,72,75,71,69,78,60,69,67,2637000,2,USA,
Mikhail Abramov,C,63,Veteran,L,72,185,24,64,81,61,65,66,82,79,76,77,67,70,55,39,800000,0,RUS,
Mikhail Grigorenko,LW,22,Veteran,L,74,183,31,53,92,83,86,83,83,90,74,69,46,88,80,85,6000000,0,RUS,
Mikhail Sergachev,D,45,Veteran,L,74,220,27,71,76,89,87,81,82,76,69,68,76,71,68,47,6000000,0,RUS,
Mikko Rantanen,RW,96,Veteran,L,76,211,29,72,77,89,86,87,76,82,78,74,58,84,73,73,7250000,2,FIN,
Miles Wood,LW,51,Veteran,L,72,194,30,76,76,74,73,67,65,77,70,68,66,71,68,65,800000,0,USA,
Miro Heiskanen,D,14,Veteran,L,74,197,26,69,79,77,87,77,79,83,77,78,83,70,79,65,9750000,0,FIN,
Mitch Marner,C,93,Veteran,L,71,161,28,62,90,65,95,96,88,92,83,84,59,80,73,60,8500000,0,CAN,
Mitchell Chaffee,RW,64,Veteran,R,73,197,27,75,63,73,75,76,68,63,65,60,63,74,57,48,950000,0,USA,
Morgan Barron,C,36,Veteran,L,76,220,27,83,70,84,76,81,82,71,71,69,71,73,65,63,2250000,0,CAN,
Morgan Frost,C,51,Veteran,L,71,175,26,73,97,60,78,71,84,95,87,83,57,68,60,71,4750000,2,CAN,
Morgan Geekie,C,25,Veteran,R,75,201,27,75,76,77,78,75,79,75,73,71,59,74,70,62,1150000,1,CAN,
Morgan Rielly,D,9,Veteran,L,72,190,31,71,71,69,89,84,70,82,76,80,65,72,97,86,7250000,0,CAN,
Moritz Seider,D,40,Veteran,R,75,205,24,82,76,83,84,83,76,79,73,75,80,60,67,62,6750000,1,GER,
Nate Schmidt,D,5,Veteran,L,72,192,34,63,74,73,76,74,83,74,73,72,74,61,80,69,1125000,0,USA,
Nathan Beaulieu,D,6,Veteran,L,73,179,33,68,77,68,87,75,82,79,78,75,69,71,86,76,4750000,1,CAN,
Nathan Gaucher,C,91,Veteran,R,75,205,22,76,78,82,72,80,70,72,67,67,68,75,53,46,975000,0,CAN,
Nathan Legare,LW,34,Veteran,R,72,205,24,82,69,92,83,95,77,69,72,69,65,86,57,66,3000000,1,CAN,
Nathan MacKinnon,C,39,Veteran,R,72,183,30,61,84,74,85,76,80,87,85,82,58,84,75,81,11000000,0,CAN,
Nazem Kadri,C,25,Veteran,L,72,192,34,79,75,71,79,79,67,76,77,77,64,76,83,77,4750001,0,CAN,
Neal Pionk,D,4,Veteran,R,72,185,30,83,74,77,83,84,78,75,74,72,78,64,72,71,4750000,1,USA,
Nic Dowd,C,26,Veteran,R,73,192,34,72,68,74,76,72,71,70,70,65,69,68,85,71,800000,0,USA,
Nicholas Robertson,LW,58,Veteran,L,69,161,24,81,83,61,81,77,67,77,75,69,71,78,57,52,1500000,0,USA,
Nick Bjugstad,RW,25,Veteran,R,78,209,33,79,70,83,75,72,71,66,72,72,69,72,80,75,1125000,0,USA,
Nick Bonino,LW,13,Veteran,L,73,195,37,65,72,74,77,71,75,74,69,68,73,68,90,93,762000,0,USA,
Nick Jensen,D,9,Veteran,R,76,218,35,68,75,78,80,77,79,75,73,69,75,55,73,63,1125000,0,CAN,
Nick Leddy,D,5,Veteran,L,72,205,34,62,79,73,82,79,81,77,75,72,77,58,92,82,2753000,0,USA,
Nick Paul,C,26,Veteran,L,76,225,30,82,71,83,80,81,77,71,73,71,65,76,78,66,2750000,1,CAN,
Nick Schmaltz,C,56,Veteran,R,71,170,29,59,80,74,83,90,87,95,84,82,66,68,65,76,4750000,1,USA,
Nick Suzuki,C,82,Veteran,R,71,187,26,70,79,74,82,84,79,83,80,78,70,73,63,73,4750000,1,CAN,
Nico Hischier,C,15,Veteran,L,73,176,26,67,88,71,91,88,87,88,80,78,57,78,61,47,6000000,2,SWI,
Nicolas Beaudin,D,30,Veteran,L,70,175,26,69,83,66,87,86,90,85,79,75,68,68,59,52,3500000,1,CAN,
Nicolas Hague,D,18,Veteran,L,78,240,27,80,74,89,84,80,86,73,62,63,78,56,62,59,2500000,0,CAN,
Nicolas Petan,C,92,Veteran,L,69,179,30,57,89,62,80,72,94,92,84,78,55,73,81,73,4750000,1,CAN,
Nicolas Roy,RW,12,Veteran,L,76,202,28,70,80,88,79,80,99,75,63,64,64,69,72,59,850000,0,CAN,
Nikita Alexandrov,C,51,Veteran,L,72,179,24,73,79,68,80,83,80,76,75,71,63,72,52,38,1000000,1,GER,
Nikita Chibrikov,RW,92,Veteran,L,70,172,22,70,78,64,73,70,68,79,76,75,59,72,45,43,800000,1,RUS,
Nikita Kucherov,LW,86,Veteran,L,71,178,32,66,83,67,83,72,76,84,84,83,58,78,99,75,5750000,1,RUS,
Nikita Okhotyuk,D,64,Veteran,L,73,185,24,83,74,81,79,83,66,73,57,63,77,57,54,45,2250000,1,RUS,
Nikita Zadorov,D,18,Veteran,L,78,248,30,87,65,88,86,82,69,70,67,72,78,62,80,66,6000000,0,RUS,
Niko Mikkola,D,77,Veteran,L,76,185,29,82,73,85,83,81,70,74,69,69,79,58,66,63,4750000,2,FIN,
Nikolaj Ehlers,LW,28,Veteran,L,72,172,29,62,92,71,93,87,85,99,75,78,72,87,80,71,9750000,2,DEN,
Nils Lundkvist,D,36,Veteran,R,71,187,25,68,74,74,78,79,77,74,73,70,72,63,58,50,800000,0,SWE,
Nino Niederreiter,LW,64,Veteran,L,74,218,33,70,77,84,79,79,77,76,70,67,60,76,99,83,3000000,0,SWI,
Noah Cates,LW,53,Veteran,L,73,165,26,74,78,67,77,75,82,80,75,76,65,75,62,58,1050000,0,USA,
Noah Dobson,D,7,Veteran,R,75,180,25,75,77,86,88,81,79,88,74,75,79,64,57,49,6750000,0,CAN,
Noah Gregor,C,73,Veteran,L,71,175,27,58,81,66,74,75,83,80,75,73,57,71,68,47,700000,0,CAN,
Noah Hanifin,D,8,Veteran,L,75,206,28,80,74,76,83,85,83,80,83,80,66,72,73,67,4750000,0,USA,
Noah Juulsen,D,60,Veteran,R,74,185,28,75,75,85,85,82,78,82,70,74,77,61,73,62,6000000,1,CAN,
Noel Acciari,C,25,Veteran,R,70,209,34,81,70,76,74,68,80,73,65,69,70,69,76,73,800000,0,USA,
Noel Gunler,RW,23,Veteran,R,74,176,24,53,84,79,81,77,81,89,76,79,59,80,54,55,1500000,0,SWE,
Nolan Allan,D,13,Veteran,L,74,195,22,77,71,80,81,79,70,75,64,64,79,60,47,47,900000,1,CAN,
Nolan Foote,RW,21,Veteran,L,75,195,24,77,70,93,80,89,75,75,69,70,63,81,54,56,2250000,1,CAN,
Oliver Bjorkstrand,LW,19,Veteran,R,72,177,30,90,75,75,85,99,98,76,68,67,65,85,78,73,6000000,0,DEN,
Oliver Ekman-Larsson,D,8,Veteran,L,74,176,34,60,83,64,87,80,81,79,78,75,73,74,89,71,5750000,0,SWE,
Oliver Wahlstrom,RW,24,Veteran,R,74,205,25,62,84,87,82,87,78,82,74,71,57,80,68,45,3000000,0,USA,
Olivier Rodrigue,G,35,Veteran,L,73,159,25,80,89,81,95,98,87,93,72,89,0,0,65,68,3000000,0,CAN,
Olli Juolevi,D,58,Veteran,L,75,179,27,70,80,78,89,89,82,85,76,77,66,75,63,52,4750000,1,FIN,
Olli Maatta,D,12,Veteran,R,74,209,31,70,74,80,78,76,82,72,68,63,76,58,80,69,1125000,0,FIN,
Olof Lindbom,G,38,Veteran,L,73,190,25,80,84,77,86,90,88,85,70,80,0,0,66,45,1000000,0,SWE,
Ondrej Palat,LW,78,Veteran,L,71,174,34,71,74,72,77,75,74,75,71,72,64,72,92,81,1125000,0,CZE,
Oscar Dansk,G,41,Veteran,L,74,187,31,62,99,70,90,89,77,89,65,98,0,0,92,63,6750000,2,SWE,
Oskar Olausson,LW,31,Veteran,L,74,181,23,68,81,74,77,75,80,77,72,72,68,75,51,41,800000,1,SWE,
Oskari Salminen,G,36,Veteran,L,76,194,26,80,78,87,83,83,85,80,73,79,0,0,56,49,950000,0,FIN,
Owen Power,D,23,Veteran,L,77,214,23,77,78,84,86,86,77,83,78,78,77,70,53,52,5500000,1,CAN,
Owen Tippett,RW,33,Veteran,R,74,203,26,71,89,91,89,91,88,85,69,72,61,89,62,59,5500000,0,CAN,
Ozzy Wiesblatt,LW,31,Veteran,R,70,183,23,82,77,84,88,93,73,76,69,65,66,79,58,55,800000,0,CAN,
P.K. Subban,D,78,Veteran,R,72,210,36,64,70,72,88,83,69,81,74,77,63,73,99,87,5750000,1,CAN,
Parker Kelly,LW,45,Veteran,L,72,190,26,89,73,82,76,82,77,73,71,70,76,72,67,64,1335000,1,CAN,
Pat Maroon,RW,55,Veteran,L,75,234,37,80,63,87,72,73,65,64,71,60,61,72,95,92,900000,0,USA,
Patrick Guay,LW,18,Veteran,L,69,179,23,58,78,67,78,69,73,72,80,76,70,78,54,56,750000,0,CAN,
Patrick Kane,RW,88,Veteran,L,72,200,37,61,80,68,80,81,83,78,76,78,59,85,99,81,4000000,0,USA,
Patrick Laine,RW,77,Veteran,R,76,201,27,65,81,78,92,93,85,82,75,78,63,87,65,48,7250000,1,FIN,
Paul Cotter,RW,45,Veteran,L,74,213,26,78,70,81,80,88,83,74,64,67,72,67,64,53,850000,1,USA,
Pavel Buchnevich,C,32,Veteran,L,74,194,30,61,87,61,81,80,85,83,81,79,54,69,72,60,2500000,1,RUS,
Pavel Mintyukov,D,54,Veteran,L,73,195,22,74,71,80,81,75,66,80,71,79,80,64,51,46,975000,0,RUS,
Pavel Zacha,C,15,Veteran,L,75,210,28,76,81,91,85,92,79,78,74,70,63,90,65,62,7250000,0,CZE,
Petr Mrazek,G,4,Veteran,L,74,187,33,84,84,80,87,81,84,86,77,82,0,0,84,77,1900000,0,CZE,
Peyton Krebs,LW,27,Veteran,L,71,180,24,67,83,72,80,72,74,83,78,76,64,75,52,41,4250000,1,CAN,
Philip Broberg,D,17,Veteran,L,75,200,24,70,81,84,81,81,82,82,68,75,79,64,59,42,4250000,1,SWE,
Philip Tomasino,RW,38,Veteran,L,72,183,24,72,82,68,81,77,85,83,74,73,58,75,57,45,2250000,1,CAN,
Philipp Grubauer,G,4,Veteran,L,73,187,34,84,84,81,82,81,85,84,76,83,0,0,77,69,1922000,1,GER,
Philipp Kurashev,C,27,Veteran,L,72,190,26,62,79,78,75,77,76,79,75,73,56,69,56,45,85000,0,SWI,
Philippe Desrosiers,G,31,Veteran,R,73,198,30,86,94,65,96,99,93,92,65,92,0,0,77,60,4750000,1,CAN,
Philippe Lapointe,RW,20,Veteran,R,71,195,25,72,74,70,87,76,87,75,75,74,66,72,62,47,700000,0,USA,
Philippe Myers,D,2,Veteran,R,77,210,28,73,74,99,74,73,58,77,51,56,88,49,76,66,3500000,0,CAN,
Phillip Danault,C,27,Veteran,L,73,193,32,75,84,76,93,86,85,80,80,64,81,72,74,79,5750000,3,CAN,
Phoenix Copley,G,29,Veteran,L,76,198,32,80,83,85,79,82,80,79,72,83,0,0,61,56,700000,0,USA,
Pierre-Luc Dubois,LW,79,Veteran,L,75,218,27,71,85,78,91,90,91,83,81,73,71,79,75,58,6000000,1,CAN,
Pierre-Olivier Joseph,D,54,Veteran,L,74,165,26,68,81,73,85,87,79,89,72,68,75,63,64,50,1750000,1,CAN,
Pyotr Kochetkov,G,50,Veteran,L,75,205,26,75,87,90,91,92,75,86,68,82,0,0,68,66,2500000,2,RUS,
Quinn Hughes,D,8,Veteran,L,70,180,26,65,83,70,88,83,79,86,85,84,71,72,73,76,11000000,0,USA,
Quinton Byfield,C,3,Veteran,L,76,215,23,65,83,84,89,87,78,84,80,78,60,77,46,37,3000000,0,CAN,
Radek Faksa,C,25,Veteran,L,75,220,31,70,71,76,73,75,75,73,71,68,73,69,80,60,802000,0,CZE,
Radko Gudas,D,8,Veteran,R,72,207,35,93,64,80,77,71,59,65,66,60,77,55,83,72,1125000,0,CZE,
Rafael Harvey-Pinard,LW,49,Veteran,L,69,182,26,77,80,63,74,72,72,77,74,68,66,72,54,48,95000,0,CAN,
Raphael Lavoie,RW,24,Veteran,R,76,195,25,60,83,78,92,87,85,85,75,76,55,88,60,60,4750000,2,CAN,
Rasmus Andersson,D,4,Veteran,R,73,214,29,73,74,76,84,81,78,75,76,71,74,67,73,60,3500000,1,SWE,
Rasmus Dahlin,D,29,Veteran,L,75,185,25,71,84,76,93,94,81,91,81,79,71,74,62,69,9250000,0,SWE,
Rasmus Kupari,LW,28,Veteran,R,73,183,25,57,91,65,83,76,85,90,79,77,56,80,61,49,4250000,0,FIN,
Rasmus Ristolainen,D,55,Veteran,R,76,218,31,70,71,82,85,78,78,76,69,69,74,60,81,64,3000000,0,FIN,
Rasmus Sandin,D,37,Veteran,L,71,184,25,64,81,67,86,81,90,78,71,70,73,65,55,38,1000000,0,SWE,
Reilly Smith,LW,21,Veteran,L,72,185,34,86,70,76,81,92,92,74,65,65,58,89,86,69,3750000,0,CAN,
Reilly Webb,D,77,Veteran,R,76,200,26,81,75,83,76,81,64,74,58,58,82,49,64,62,700000,0,CAN,
Rickard Rakell,RW,46,Veteran,R,73,203,32,74,77,74,79,76,79,79,77,73,68,75,78,70,1900000,0,SWE,
Ridly Greig,RW,24,Veteran,L,71,165,23,76,81,70,84,82,69,76,77,71,71,76,54,43,900000,0,CAN,
Robby Fabbri,C,14,Veteran,L,71,185,29,74,73,75,74,71,78,74,73,71,60,72,77,59,800000,0,CAN,
Robert Bortuzzo,D,41,Veteran,R,76,216,36,80,65,84,75,73,72,66,61,58,76,49,85,77,700000,0,CAN,
Robert Thomas,C,22,Veteran,R,72,188,26,62,81,79,82,80,85,82,81,71,72,74,72,65,3500000,1,CAN,
Roby Jarventie,RW,62,Veteran,L,74,184,23,74,74,86,77,87,76,79,70,70,57,80,50,56,750000,0,FIN,
Roland McKeown,D,55,Veteran,R,73,195,29,82,71,85,87,76,66,77,68,69,78,54,72,66,4750000,2,CAN,
Roman Josi,D,59,Veteran,L,73,201,35,62,79,72,93,78,75,84,81,80,63,75,99,99,9250000,0,SWI,
Roni Hirvonen,C,35,Veteran,L,69,165,23,66,77,63,86,69,83,78,77,75,69,73,48,42,800000,0,FIN,
Roope Hintz,C,31,Veteran,L,74,185,29,68,80,80,82,76,80,79,78,76,70,79,83,66,6000000,2,FIN,
Ross Colton,RW,21,Veteran,L,72,194,29,79,73,73,76,80,71,75,74,73,63,73,71,52,1125000,0,USA,
Ryan Graves,D,20,Veteran,L,76,220,30,73,75,84,80,82,76,76,66,61,78,58,71,65,4750000,1,CAN,
Ryan Johansen,C,92,Veteran,R,75,218,33,61,80,77,84,92,85,82,79,76,67,75,95,88,5750000,0,CAN,
Ryan Johnson,D,90,Veteran,L,74,170,24,69,77,77,84,80,82,79,69,71,75,67,52,38,1500000,1,USA,
Ryan Lindgren,D,21,Veteran,L,72,203,27,74,76,85,82,85,76,79,63,62,81,52,71,52,3500000,1,USA,
Ryan McDonagh,D,6,Veteran,L,73,214,36,73,75,76,82,74,77,73,74,73,78,54,99,85,5750000,1,USA,
Ryan McLeod,C,70,Veteran,L,75,203,26,68,80,89,83,84,77,84,72,68,58,74,59,61,3500000,1,CAN,
Ryan Merkley,D,42,Veteran,R,71,170,25,55,89,66,87,82,71,89,83,79,53,81,61,65,3000000,0,CAN,
Ryan Murphy,D,14,Veteran,R,71,170,32,55,77,64,79,76,85,76,79,79,69,78,84,84,6750000,1,CAN,
Ryan Murray,D,30,Veteran,L,73,205,32,75,71,79,89,79,76,80,64,69,83,64,98,78,4750000,1,CAN,
Ryan Nugent-Hopkins,C,93,Veteran,L,73,175,32,53,75,65,80,73,77,81,84,76,66,77,94,84,4750000,2,CAN,
Ryan O'Reilly,RW,90,Veteran,L,73,216,34,77,71,76,82,92,86,70,73,66,69,73,99,72,5750000,0,CAN,
Ryan O'Rourke,D,31,Veteran,L,73,179,23,78,71,82,86,80,69,76,70,71,82,61,48,63,900000,0,CAN,
Ryan Poehling,C,49,Veteran,L,74,183,26,70,85,82,86,83,85,81,80,70,75,72,66,58,6000000,2,USA,
Ryan Pulock,D,15,Veteran,R,74,215,31,78,71,83,90,82,85,78,69,73,79,67,82,89,7175000,0,CAN,
Ryan Reaves,RW,75,Veteran,R,74,225,38,93,64,93,71,74,68,63,65,61,67,66,90,99,700000,0,CAN,
Ryan Strome,C,36,Veteran,R,72,177,32,61,81,70,82,85,75,89,83,85,69,69,88,81,4750000,1,CAN,
Ryan Suzuki,LW,10,Veteran,L,72,180,24,61,87,75,82,84,76,85,84,84,60,69,54,59,3000000,1,CAN,
Ryan Zuhlsdorf,D,33,Veteran,L,72,194,28,79,81,82,78,73,86,73,61,61,84,47,77,65,2500000,0,USA,
Ryder Korczak,C,40,Rookie,R,71,174,23,69,75,65,72,69,73,76,76,73,61,69,45,45,70000,1,CAN,
Ryker Evans,D,41,Veteran,L,71,181,24,69,78,75,77,79,74,76,75,73,66,71,55,43,1000000,1,CAN,
Sam Bennett,C,93,Veteran,L,73,200,29,70,80,70,92,84,84,83,86,84,64,81,73,73,7250000,2,CAN,
Sam Colangelo,RW,48,Veteran,R,73,205,24,76,74,86,82,86,73,74,69,65,60,84,55,46,1000000,0,USA,
Sam Malinski,D,10,Veteran,R,71,190,27,73,77,72,78,77,79,78,71,71,79,59,62,55,750000,0,USA,
Sam Reinhart,RW,18,Veteran,R,73,186,30,57,79,69,86,82,86,82,84,83,62,81,74,70,6000000,0,CAN,
Sam Steel,C,40,Veteran,L,71,179,27,72,82,78,94,90,88,84,79,75,54,74,74,62,4750000,1,CAN,
Samuel Bolduc,D,38,Veteran,L,76,220,25,76,76,86,83,90,75,79,64,71,82,54,61,52,3500000,2,CAN,
Samuel Ersson,G,38,Veteran,L,74,176,26,80,82,86,88,78,83,85,68,85,0,0,62,58,1125000,1,SWE,
Samuel Fagemo,RW,65,Veteran,R,71,190,25,68,85,67,77,85,91,83,69,70,56,78,67,50,1750000,2,SWE,
Samuel Girard,D,52,Veteran,L,70,170,27,59,86,61,85,76,83,86,78,78,63,76,67,55,6000000,1,CAN,
Samuel Houde,C,23,Veteran,L,72,161,25,84,70,83,81,80,75,76,66,65,66,74,57,55,750000,0,CAN,
Samuel Johanneson,D,15,Veteran,R,71,176,25,61,71,67,77,79,78,76,70,72,66,70,57,43,750000,0,SWE,
Samuel Montembeault,G,1,Veteran,L,75,198,29,82,86,85,84,88,82,88,72,83,0,0,70,67,2750000,1,CAN,
Samuel Morin,D,55,Veteran,L,79,227,30,88,67,87,93,86,79,74,58,69,78,65,80,66,6000000,1,CAN,
Samuel Poulin,LW,54,Veteran,L,73,205,24,77,77,89,81,90,75,75,71,71,64,81,54,57,3000000,1,CAN,
Scott Laughton,RW,25,Veteran,L,73,190,32,79,72,78,76,76,70,74,72,71,64,69,75,71,1125000,0,CAN,
Scott Mayfield,D,7,Veteran,L,76,225,33,80,69,84,82,75,73,69,66,66,81,55,72,67,2500000,0,CAN,
Scott Morrow,D,25,Rookie,R,74,195,23,64,77,68,76,74,74,76,73,74,60,68,55,41,80000,1,USA,
Scott Wedgewood,G,1,Veteran,L,74,205,33,84,84,84,80,77,81,82,71,82,0,0,71,60,800000,0,CAN,
Sean Couturier,C,30,Veteran,L,75,197,33,62,75,79,86,82,82,84,86,78,75,74,92,92,6750000,0,CAN,
Sean Durzi,D,93,Veteran,R,72,195,27,72,75,82,85,78,90,76,64,66,74,60,69,58,3500000,1,CAN,
Sean Farrell,LW,46,Veteran,L,68,175,24,68,78,63,82,80,84,77,74,77,64,73,58,43,800000,0,USA,
Sean Kuraly,C,7,Veteran,L,74,213,32,76,68,78,76,72,73,66,68,68,68,69,73,67,1500000,0,USA,
Sean Monahan,C,91,Veteran,L,75,195,31,67,79,63,84,84,95,88,81,79,61,79,83,77,6000000,0,CAN,
Sebastian Aho,C,27,Veteran,L,71,172,28,67,86,68,92,85,90,89,84,83,58,80,74,72,8500000,0,FIN,
Sebastian Cossa,G,33,Rookie,L,78,212,23,76,79,85,83,83,89,83,79,78,0,0,55,46,90000,1,CAN,
Sebastiann Aho,D,7,Veteran,L,71,183,29,68,78,74,79,75,82,77,75,71,77,68,75,61,2250000,1,SWE,
Semyon Arguchintsev,C,96,Veteran,R,70,159,25,61,82,61,78,83,94,88,87,90,62,68,63,61,1500000,0,RUS,
Semyon Varlamov,G,2,Veteran,L,74,209,37,82,90,86,95,95,96,88,66,90,0,0,99,86,5750000,0,RUS,
Seth Jarvis,RW,13,Veteran,R,70,175,23,66,83,69,83,78,81,83,81,79,59,82,54,46,2250000,0,CAN,
Seth Jones,D,4,Veteran,R,76,214,31,76,75,72,91,85,82,82,77,69,75,77,75,57,7250000,0,USA,
Shane Wright,C,51,Veteran,R,72,200,21,62,77,69,80,72,80,80,79,77,71,80,51,42,975000,0,CAN,
Shayne Gostisbehere,D,5,Veteran,L,71,181,32,61,79,62,81,80,81,79,78,74,60,69,79,63,1900000,0,USA,
Shea Theodore,D,27,Veteran,L,74,197,30,61,80,76,92,84,81,80,82,80,65,72,70,72,6000000,1,CAN,
Sidney Crosby,C,87,Veteran,L,71,200,38,67,76,68,79,75,72,81,83,74,66,77,99,99,9000000,1,CAN,
Simon Benoit,D,6,Veteran,L,75,203,26,82,74,83,78,80,69,76,56,58,79,54,67,65,800025,1,CAN,
Simon Edvinsson,D,11,Veteran,L,77,207,22,68,78,77,82,75,73,83,83,79,66,73,50,46,3000000,1,SWE,
Simon Holmstrom,LW,55,Veteran,L,73,193,24,62,93,72,85,70,80,85,77,73,74,74,56,48,3000000,1,SWE,
Simon Lundmark,D,14,Veteran,R,74,201,25,74,75,77,75,78,79,76,63,65,76,58,56,50,750000,0,SWE,
Simon Nemec,D,12,Veteran,R,72,190,21,67,74,73,82,74,75,79,79,78,71,71,46,42,975000,0,SVK,
Slater Koekkoek,D,90,Veteran,L,74,184,31,90,70,75,87,90,86,79,72,74,70,83,85,74,7250000,0,CAN,
Spencer Knight,G,55,Veteran,L,75,195,24,70,89,83,88,89,88,87,72,85,0,0,59,51,2250000,1,USA,
Steven Stamkos,RW,93,Veteran,R,71,176,35,65,86,68,91,87,86,76,77,73,66,79,99,94,4750000,0,CAN,
Stuart Skinner,G,65,Veteran,L,76,230,27,78,87,90,88,99,85,87,68,82,0,0,78,62,2500000,0,CAN,
T.J. Brodie,D,6,Veteran,L,73,179,34,61,76,75,81,72,74,78,74,72,75,59,84,71,1125000,0,CAN,
T.J. Tynan,C,50,Veteran,R,68,165,33,74,85,48,87,63,94,96,94,84,41,79,99,91,4750000,2,USA,
Tage Thompson,C,50,Veteran,R,78,220,28,69,81,84,77,79,74,79,75,79,61,81,71,65,8500000,2,USA,
Taige Harding,D,28,Veteran,L,79,236,23,77,66,88,77,80,68,71,68,61,75,60,57,48,750000,1,CAN,
Tanner Jeannot,RW,50,Veteran,L,74,207,28,74,75,79,76,76,65,72,70,72,64,73,76,61,800000,0,CAN,
Taylor Hall,LW,18,Veteran,L,72,178,34,69,87,70,95,91,83,84,80,70,69,82,99,98,8000000,1,CAN,
Teddy Blueger,C,5,Veteran,L,72,185,31,69,78,65,76,70,76,78,74,74,69,66,72,60,800000,0,LAT,
Teuvo Taravainen,C,81,Veteran,L,71,165,31,82,71,58,91,83,89,88,83,83,52,83,94,92,5750000,1,FIN,
Thatcher Demko,G,37,Veteran,L,76,192,30,87,89,88,90,82,84,87,76,88,0,0,77,64,8000000,1,USA,
Thomas Bordeleau,C,38,Veteran,L,69,180,23,68,82,68,79,76,75,75,75,82,64,77,55,45,800000,0,USA,
Thomas Chabot,D,72,Veteran,L,74,196,28,76,77,84,88,82,79,84,70,69,79,66,69,58,7250000,0,CAN,
Thomas Harley,D,41,Veteran,L,75,190,24,64,77,80,82,79,77,81,72,72,67,68,59,34,1500000,1,USA,
Thomas Novak,RW,82,Veteran,L,73,179,28,65,81,72,83,81,83,71,74,70,62,74,74,59,1750000,0,USA,
Tim Bozon,RW,9,Veteran,L,73,186,31,73,94,64,87,78,86,81,82,68,72,85,87,83,6000000,0,FRA,
Tim Stutzle,C,20,Veteran,L,73,187,23,63,87,72,86,87,85,85,79,80,60,78,53,38,2250000,0,GER,
Timo Meier,RW,96,Veteran,L,73,209,29,73,78,81,84,90,77,73,70,70,56,78,64,46,4750000,0,SWI,
Timothy Liljegren,D,63,Veteran,R,72,191,26,62,87,70,83,77,89,87,74,78,61,72,61,54,3500000,2,SWE,
Tobias Bjornfot,D,6,Veteran,L,72,200,24,74,77,84,88,84,84,77,68,77,82,58,58,47,3000000,1,SWE,
Tom Wilson,RW,52,Veteran,R,76,220,31,88,75,82,79,71,59,73,73,70,63,73,87,75,2750000,0,USA,
Tomas Hertl,C,25,Veteran,L,75,214,32,62,76,75,80,74,76,76,77,78,64,74,90,76,3810000,1,CZE,
Tomas Nosek,C,92,Veteran,L,75,203,33,73,69,76,73,71,79,69,68,66,65,68,74,61,700000,0,CZE,
Topi Niemela,D,42,Veteran,R,71,170,23,66,77,63,78,75,83,72,74,75,69,70,49,37,80000,0,FIN,
Torey Krug,D,13,Veteran,L,69,185,34,70,79,57,81,71,71,79,77,78,61,67,86,66,1900000,0,USA,
Travis Dermott,D,7,Veteran,L,72,205,29,68,75,74,77,78,79,79,67,68,77,59,72,69,800000,0,CAN,
Travis Konecny,LW,23,Veteran,R,70,192,28,86,78,74,81,75,70,80,79,73,66,80,78,65,4750000,0,CAN,
Travis Sanheim,D,6,Veteran,L,75,190,29,88,78,84,86,88,79,85,64,76,83,62,71,65,9750000,1,CAN,
Trevor Moore,LW,51,Veteran,L,71,194,30,68,74,61,75,73,78,76,74,76,65,75,72,62,2210000,1,USA,
Trevor Van Riemsdyk,D,57,Veteran,R,75,191,34,66,69,76,81,75,81,70,71,68,78,59,93,77,2500000,0,USA,
Trevor Zegras,RW,21,Veteran,L,72,185,24,63,94,71,83,82,75,88,82,80,60,81,56,47,5500000,1,USA,
Tristan Broz,C,12,Veteran,L,72,178,23,71,78,73,80,75,75,75,74,71,69,73,54,45,800000,1,USA,
Tristan Jarry,G,36,Veteran,L,73,183,30,87,87,84,88,81,90,89,75,89,0,0,75,70,6000000,1,CAN,
Tristen Robins,C,55,Veteran,R,70,175,24,60,81,68,81,76,78,81,74,76,62,75,55,46,750000,0,CAN,
Troy Terry,LW,15,Veteran,R,72,185,28,63,79,69,79,77,79,80,77,77,62,77,70,55,7250000,0,USA,
Ty Dellandrea,LW,26,Veteran,R,73,195,25,76,79,77,84,76,73,76,70,67,63,73,58,48,2250000,0,CAN,
Ty Emberson,D,13,Veteran,R,74,195,25,79,74,86,81,81,82,75,55,64,73,52,57,44,1000000,0,USA,
Ty Smith,D,12,Veteran,L,70,175,25,69,83,62,89,78,78,85,80,73,66,69,64,46,3000000,0,CAN,
Tyler Benson,RW,49,Veteran,L,72,190,27,77,73,80,87,79,69,71,67,67,63,78,71,49,3500000,1,CAN,
Tyler Bertuzzi,LW,59,Veteran,L,72,190,30,99,76,96,78,99,74,83,68,69,75,72,70,80,6000000,1,CAN,
Tyler Boucher,RW,19,Veteran,R,73,205,22,81,71,83,79,83,63,76,71,71,64,76,51,42,900000,1,USA,
Tyler Johnson,RW,27,Veteran,R,68,185,35,60,76,60,75,67,78,79,71,72,54,74,82,67,800100,0,USA,
Tyler Kleven,D,27,Rookie,L,76,200,23,79,69,82,73,68,64,72,64,63,74,59,54,40,80000,0,USA,
Tyler Myers,D,57,Veteran,R,80,229,35,73,74,84,94,78,89,81,70,70,80,57,99,78,5750000,0,USA,
Tyler Seguin,RW,91,Veteran,R,73,205,33,60,80,74,80,76,80,86,77,75,57,78,99,72,3750000,1,CAN,
Tyler Toffoli,RW,74,Veteran,R,72,203,33,66,71,72,79,76,80,73,74,71,61,77,87,75,2900000,0,CAN,
Tyson Foerster,LW,50,Veteran,R,73,195,23,73,71,81,78,83,76,74,73,73,64,73,50,35,800000,0,CAN,
Tyson Jost,RW,75,Veteran,L,71,190,27,72,82,73,81,81,91,81,81,66,73,81,60,64,4750000,1,CAN,
Ukko-Pekka Luukkonen,G,28,Veteran,L,76,196,26,77,83,88,89,92,83,85,66,85,0,0,63,55,1750000,2,FIN,
Urho Vaakanainen,D,71,Veteran,L,73,185,26,76,75,81,85,81,80,75,64,64,79,58,63,47,2500000,0,FIN,
Valeri Nichushkin,RW,98,Veteran,L,76,196,30,55,81,66,86,91,86,87,72,80,55,76,74,41,4750000,1,RUS,
Vasily Podkolzin,LW,68,Veteran,L,73,190,24,67,83,74,82,82,73,83,81,78,58,82,59,49,6750000,1,RUS,
Vasily Ponomarev,RW,89,Veteran,L,70,180,23,69,79,72,77,77,79,79,74,74,64,73,51,39,700000,0,CAN,
Vassili Zaitsev,LW,70,Veteran,L,72,167,24,70,85,65,89,80,86,83,76,79,58,81,57,47,1500000,0,CAN,
Veeti Miettinen,LW,10,Rookie,L,69,160,24,64,81,61,79,71,84,78,75,74,64,74,52,44,700000,0,FIN,
Veini Vehvilainen,G,33,Veteran,L,73,183,28,79,79,82,79,83,81,84,66,81,0,0,69,56,775000,0,FIN,
Victor Hedman,D,7,Veteran,L,78,220,34,66,75,77,92,84,90,80,77,74,77,66,99,99,6750000,1,SWE,
Victor Olofsson,LW,71,Veteran,L,71,182,30,65,79,62,78,73,90,78,73,74,59,74,64,48,4750000,1,SWE,
Victor Soderstrom,D,2,Veteran,R,71,180,24,65,76,72,79,77,80,80,77,78,67,67,55,45,2250000,1,SWE,
Viktor Arvidsson,RW,43,Veteran,R,69,180,32,67,85,56,90,81,84,80,81,71,70,82,78,83,4750000,1,SWE,
Ville Heinola,D,30,Veteran,L,72,180,24,62,78,69,81,76,84,73,79,75,69,73,50,49,2250000,1,FIN,
Ville Husso,G,1,Veteran,L,75,209,30,83,83,84,82,84,80,84,69,83,0,0,71,62,2001000,1,FIN,
Vince Dunn,D,29,Veteran,L,72,185,29,66,75,72,80,87,79,78,77,76,70,74,71,71,3000000,2,CAN,
Vincent Desharnais,D,73,Veteran,R,78,215,29,84,71,89,77,79,72,73,64,67,79,53,63,64,1125000,0,CAN,
Vincent Trocheck,RW,16,Veteran,R,73,188,32,70,78,61,88,88,82,69,82,74,72,82,78,85,5750000,3,CAN,
Vitali Abramov,LW,94,Veteran,L,69,174,27,59,85,69,92,86,87,81,77,80,50,88,71,57,2500000,0,RUS,
Vitali Kravtsov,LW,74,Veteran,L,75,186,26,57,85,78,82,83,89,87,79,79,52,79,64,51,3500000,1,RUS,
Vitek Vanecek,G,43,Veteran,L,73,181,29,75,89,77,95,95,83,92,76,85,0,0,82,66,6000000,0,CZE,
Vladimir Tarasenko,LW,93,Veteran,L,72,185,34,66,79,71,85,81,88,84,76,79,59,85,93,72,6750000,0,RUS,
Vladislav Firstov,LW,55,Veteran,L,72,183,24,62,79,73,83,78,81,75,78,74,71,82,51,47,2250000,1,RUS,
Vladislav Gavrikov,D,44,Veteran,L,73,213,29,75,73,85,83,80,70,75,72,68,79,60,74,62,5525000,0,RUS,
Vladislav Kolyachonok,D,25,Veteran,L,73,183,24,61,80,73,72,73,71,78,74,71,69,73,54,39,1500000,1,BEL,
Vladislav Namestnikov,RW,50,Veteran,L,72,181,33,69,72,69,75,78,77,76,74,70,69,70,76,62,2750000,2,RUS,
Will Borgen,D,3,Veteran,R,75,205,29,82,69,87,83,82,73,73,71,68,80,59,71,66,2950000,0,USA,
Will Smith,C,4,Veteran,R,72,175,20,65,77,69,77,74,73,81,83,76,60,75,42,43,975000,1,USA,
William Eklund,C,73,Veteran,L,70,172,23,73,78,67,73,71,81,80,75,74,64,72,50,38,1500000,1,SWE,
William Karlsson,C,25,Veteran,L,72,194,32,61,77,64,77,77,81,77,76,76,70,77,78,66,4200775,1,SWE,
William Nylander,RW,23,Veteran,R,71,169,29,63,81,68,81,81,81,81,77,80,67,77,78,69,6000000,2,CAN,
William Villeneuve,D,13,Veteran,R,73,175,23,65,71,66,78,81,78,72,77,78,70,70,51,44,77500,0,CAN,
William Wallinder,D,57,Veteran,L,76,190,23,73,81,82,74,81,73,82,66,70,78,60,50,45,800000,0,SWE,
Wyatt Johnston,C,29,Veteran,R,73,176,23,72,76,73,80,76,81,76,80,76,68,72,45,42,1500000,1,CAN,
Xavier Bernard,D,24,Veteran,L,74,205,25,74,73,89,72,79,67,76,63,54,79,58,59,45,750000,0,CAN,
Xavier Bourgault,C,99,Veteran,R,72,172,23,66,79,71,76,74,83,78,76,73,65,76,51,42,1500000,1,CAN,
Yakov Trenin,LW,32,Veteran,L,74,201,28,69,90,80,85,81,78,87,71,73,59,85,70,57,4750000,0,RUS,
Yanni Gourde,C,68,Veteran,L,69,172,33,69,76,71,78,80,72,76,72,73,64,73,83,79,1125000,0,CAN,
Yaroslav Askarov,G,33,Veteran,R,75,176,23,74,87,85,92,87,87,87,66,83,0,0,61,51,1000000,0,RUS,
Yegor Chinakhov,LW,59,Veteran,L,71,181,24,57,85,73,79,80,78,86,79,83,53,82,57,60,1500000,0,RUS,
Yegor Sharangovich,LW,17,Veteran,L,74,196,27,62,78,77,81,81,83,76,75,73,63,72,71,59,2750000,2,BLR,
Yegor Spiridonov,C,34,Veteran,L,74,195,24,83,76,86,75,77,77,71,69,63,68,80,59,55,2250000,1,RUS,
Zach Bogosian,D,47,Veteran,R,76,216,35,74,70,82,78,67,66,68,67,65,78,62,87,84,800000,0,CAN,
Zach Hyman,LW,18,Veteran,R,73,211,33,78,74,77,81,82,73,74,76,78,67,82,87,72,5750000,0,CAN,
Zach Werenski,D,11,Veteran,L,74,218,28,77,80,75,90,78,77,83,79,76,69,73,65,56,6000000,0,USA,
Zach Whitecloud,D,17,Veteran,R,74,218,28,81,69,86,80,82,73,66,59,64,79,55,68,65,1125000,1,USA,
Zachary Bolduc,C,15,Veteran,L,73,174,22,64,79,74,74,72,69,77,76,74,64,73,46,42,975000,1,CAN,
Zayde Wisdom,RW,69,Rookie,R,70,195,23,78,69,77,72,76,68,68,71,69,65,73,46,41,75000,0,CAN,
